<?xml version="1.0" encoding="utf-8"?>

<includes>
    <include name="PVRGuideControl_Channelgroup">
		<control type="grouplist" id="203">
			<left>$PARAM[posleft]</left>
			<top>$PARAM[postop]</top>
			<!-- <width>500</width> -->
			<height>$PARAM[size]</height>
			<itemgap>$PARAM[gap]</itemgap>
			<onup></onup>
			<ondown></ondown>
			<onleft>111</onleft>
			<onright>70040</onright>
			<orientation>horizontal</orientation>
			<visible>![Window.IsVisible(1121) | Window.IsVisible(1110) | Window.IsVisible(1125) | Window.IsVisible(OSDVideoSettings) | Window.IsVisible(osdaudiosettings) | Window.IsVisible(subtitlesearch) | Window.IsVisible(selectdialog) | Window.IsVisible(OSDSubtitleSettings) | Window.IsVisible(osdcmssettings) | Window.IsVisible(addonsettings)]</visible>

			<control type="button" id="70045">
				<description>Select group</description>
				<!-- select channel group -->
				<width>$PARAM[size]</width>
				<height>$PARAM[size]</height>
				<texturefocus colordiffuse="$INFO[Skin.String(OSDButtonsFocusColor)]">$PARAM[iconspath]channellist.png</texturefocus>
				<texturenofocus colordiffuse="$INFO[Skin.String(OSDButtonsColor)]">$PARAM[iconspath]channellist.png</texturenofocus>
				<onclick>PVR.EpgGridControl(SelectGroup)</onclick>
			</control>
			<control type="button" id="70043">
				<description>change to previous group</description>
				<!-- change to previous group -->
				<width>$PARAM[size]</width>
				<height>$PARAM[size]</height>
				<texturefocus colordiffuse="$INFO[Skin.String(OSDButtonsFocusColor)]">$PARAM[iconspath]play.png</texturefocus>
				<texturenofocus colordiffuse="$INFO[Skin.String(OSDButtonsColor)]">$PARAM[iconspath]play.png</texturenofocus>
				<animation effect="rotate" start="0" end="180" center="auto" condition="true">Conditional</animation>
				<onclick>PVR.EpgGridControl(PreviousGroup)</onclick>
			</control>
			<control type="button" id="70044">
				<description>change to next group</description>
				<!-- change to next group -->
				<width>$PARAM[size]</width>
				<height>$PARAM[size]</height>
				<texturefocus colordiffuse="$INFO[Skin.String(OSDButtonsFocusColor)]">$PARAM[iconspath]play.png</texturefocus>
				<texturenofocus colordiffuse="$INFO[Skin.String(OSDButtonsColor)]">$PARAM[iconspath]play.png</texturenofocus>
				<onclick>PVR.EpgGridControl(NextGroup)</onclick>
			</control>
		</control>
	</include>
	

    <include name="PVRGuideControl_Channels">
		<control type="grouplist" id="202">
			<left>$PARAM[posleft]</left>
			<top>$PARAM[postop]</top>
			<!-- <width>500</width> -->
			<height>$PARAM[size]</height>
			<itemgap>$PARAM[gap]</itemgap>
			<onup></onup>
			<ondown></ondown>
			<onleft>70044</onleft>
			<onright>600</onright>
			<orientation>horizontal</orientation>
			<visible>![Window.IsVisible(1121) | Window.IsVisible(1110) | Window.IsVisible(1125) | Window.IsVisible(OSDVideoSettings) | Window.IsVisible(osdaudiosettings) | Window.IsVisible(subtitlesearch) | Window.IsVisible(selectdialog) | Window.IsVisible(OSDSubtitleSettings) | Window.IsVisible(osdcmssettings) | Window.IsVisible(addonsettings)]</visible>

			<control type="button" id="70040">
				<description>to first channel</description>
				<!-- to the first channel -->
				<width>$PARAM[size]</width>
				<height>$PARAM[size]</height>
				<texturefocus colordiffuse="$INFO[Skin.String(OSDButtonsFocusColor)]">$PARAM[iconspath]prevtrack.png</texturefocus>
				<texturenofocus colordiffuse="$INFO[Skin.String(OSDButtonsColor)]">$PARAM[iconspath]prevtrack.png</texturenofocus>
				<onclick>PVR.EpgGridControl(FirstChannel)</onclick>
			</control>
			<control type="button" id="70041">
				<description>RR</description>
				<!-- to the beginning -->
				<width>$PARAM[size]</width>
				<height>$PARAM[size]</height>
				<texturefocus colordiffuse="$INFO[Skin.String(OSDButtonsFocusColor)]">$PARAM[iconspath]channeldown.png</texturefocus>
				<texturenofocus colordiffuse="$INFO[Skin.String(OSDButtonsColor)]">$PARAM[iconspath]channeldown.png</texturenofocus>
				<!-- <animation effect="rotate" start="0" end="-90" center="auto" condition="true">Conditional</animation> -->
				<onclick>PVR.EpgGridControl(PlayingChannel)</onclick>
				<visible>PVR.IsPlayingTV | PVR.IsPlayingRadio | PVR.IsPlayingEpgTag</visible>
			</control>
			<control type="button" id="70042">
				<description>to the last channel</description>
				<!-- to the last channel -->
				<width>$PARAM[size]</width>
				<height>$PARAM[size]</height>
				<texturefocus colordiffuse="$INFO[Skin.String(OSDButtonsFocusColor)]">$PARAM[iconspath]nexttrack.png</texturefocus>
				<texturenofocus colordiffuse="$INFO[Skin.String(OSDButtonsColor)]">$PARAM[iconspath]nexttrack.png</texturenofocus>
				<onclick>PVR.EpgGridControl(LastChannel)</onclick>
			</control>
		</control>
	</include>
	

    <include name="PVRGuideControl_Program">
		<control type="grouplist" id="201">
			<left>$PARAM[posleft]</left>
			<top>$PARAM[postop]</top>
			<height>$PARAM[size]</height>
			<itemgap>$PARAM[gap]</itemgap>
			<onup></onup>
			<ondown></ondown>
			<onleft>70042</onleft>
			<onright>111</onright>
			<orientation>horizontal</orientation>
			<visible>![Window.IsVisible(1121) | Window.IsVisible(1110) | Window.IsVisible(1125) | Window.IsVisible(OSDVideoSettings) | Window.IsVisible(osdaudiosettings) | Window.IsVisible(subtitlesearch) | Window.IsVisible(selectdialog) | Window.IsVisible(OSDSubtitleSettings) | Window.IsVisible(osdcmssettings) | Window.IsVisible(addonsettings)]</visible>

			<control type="button" id="600">
				<description>to the beginning</description>
				<!-- to the beginning -->
				<width>$PARAM[size]</width>
				<height>$PARAM[size]</height>
				<texturefocus colordiffuse="$INFO[Skin.String(OSDButtonsFocusColor)]">$PARAM[iconspath]prevtrack.png</texturefocus>
				<texturenofocus colordiffuse="$INFO[Skin.String(OSDButtonsColor)]">$PARAM[iconspath]prevtrack.png</texturenofocus>
				<onclick>PVR.EpgGridControl(FirstProgramme)</onclick>
			</control>
			<control type="button" id="601">
				<description>-6 hours</description>
				<!-- -6 hours -->
				<width>$PARAM[size]</width>
				<height>$PARAM[size]</height>
				<texturefocus colordiffuse="$INFO[Skin.String(OSDButtonsFocusColor)]">$PARAM[iconspath]rewind.png</texturefocus>
				<texturenofocus colordiffuse="$INFO[Skin.String(OSDButtonsColor)]">$PARAM[iconspath]rewind.png</texturenofocus>
				<onclick>PVR.EpgGridControl(-6)</onclick>
			</control>
			<control type="button" id="602">
				<description>Current time</description>
				<!-- current time -->
				<width>$PARAM[size]</width>
				<height>$PARAM[size]</height>
				<texturefocus colordiffuse="$INFO[Skin.String(OSDButtonsFocusColor)]">$PARAM[iconspath]channeldown.png</texturefocus>
				<texturenofocus colordiffuse="$INFO[Skin.String(OSDButtonsColor)]">$PARAM[iconspath]channeldown.png</texturenofocus>
				<!-- <animation effect="rotate" start="0" end="-90" center="auto" condition="true">Conditional</animation> -->
				<onclick>PVR.EpgGridControl(CurrentProgramme)</onclick>
			</control>
			<control type="button" id="603">
				<description>+6 hours</description>
				<!-- +6 hours -->
				<width>$PARAM[size]</width>
				<height>$PARAM[size]</height>
				<texturefocus colordiffuse="$INFO[Skin.String(OSDButtonsFocusColor)]">$PARAM[iconspath]forward.png</texturefocus>
				<texturenofocus colordiffuse="$INFO[Skin.String(OSDButtonsColor)]">$PARAM[iconspath]forward.png</texturenofocus>
				<onclick>PVR.EpgGridControl(+6)</onclick>
			</control>
			<control type="button" id="604">
				<description>to the end</description>
				<!-- to the end -->
				<width>$PARAM[size]</width>
				<height>$PARAM[size]</height>
				<texturefocus colordiffuse="$INFO[Skin.String(OSDButtonsFocusColor)]">$PARAM[iconspath]nexttrack.png</texturefocus>
				<texturenofocus colordiffuse="$INFO[Skin.String(OSDButtonsColor)]">$PARAM[iconspath]nexttrack.png</texturenofocus>
				<onclick>PVR.EpgGridControl(LastProgramme)</onclick>
			</control>
			<control type="button" id="605">
				<description>select date</description>
				<!-- select date -->
				<width>$PARAM[size]</width>
				<height>$PARAM[size]</height>
				<texturefocus colordiffuse="$INFO[Skin.String(OSDButtonsFocusColor)]">$PARAM[iconspath]calendar.png</texturefocus>
				<texturenofocus colordiffuse="$INFO[Skin.String(OSDButtonsColor)]">$PARAM[iconspath]calendar.png</texturenofocus>
				<onclick>PVR.EpgGridControl(SelectDate)</onclick>
			</control>
		</control>
	</include>
</includes>