<?xml version="1.0" encoding="utf-8"?>
<!--Titan-->
<includes>
    <include name="View_523_Netflix">
        <!--Panel-->
		
        <control type="group">
            <width>100%</width>
            <height>100%</height>
            <visible>Control.IsVisible(523)</visible>
            <visible>Integer.IsGreater(Container.NumItems,0)</visible>
            <include>animation_view_change</include>
			
            <!-- background image + overlay -->
            <control type="image">
                <width>100%</width>
                <height>100%</height>
                <texture colordiffuse="$VAR[Netflix2_PanelColor]">colors/color_white.png</texture>
            </control>
            <control type="image">
                <fadetime>350</fadetime>
                <texture background="true">$VAR[backgroundVar]</texture>
                <aspectratio aligny="top">scale</aspectratio>
                <animation effect="zoom" start="110" end="130" center="auto" time="12000" tween="cubic" easing="inout" pulse="true" condition="Skin.HasSetting(BackgroundAnimation)">Conditional</animation>
                <animation effect="slide" start="-10,-10" end="10,10" time="8000" tween="cubic" easing="inout" pulse="true" condition="Skin.HasSetting(BackgroundAnimation)">Conditional</animation>
                <visible>Skin.HasSetting(View523_DetailsShowFanart)</visible>
            </control>
            
            <!-- overlay without big thumb -->
            <control type="image">
                <width>100%</width>
                <height>100%</height>
                <texture colordiffuse="$VAR[Netflix2_PanelColor]">colors/color_white.png</texture>
                <animation effect="fade" start="100" end="70" delay="0" time="0"  condition="true">Conditional</animation>
                <visible>Skin.HasSetting(View523_DetailsShowFanart)</visible>
            </control>
            <control type="image">
                <width>100%</width>
                <height>100%</height>
                <!-- <texture colordiffuse="$VAR[Netflix2_PanelColor]">special://home/addons/resource.images.backgroundoverlays.basic/resources/Side by Side.png</texture> -->
                <animation effect="fade" start="100" end="95" delay="0" time="0"  condition="true">Conditional</animation>
                <visible>Skin.HasSetting(View523_DetailsShowFanart)</visible>
            </control>

            <!-- spotlight section -->
            <control type="group" id="3505">
                <width>1920</width>
                <height>450</height>
                
                <!-- spotlight image -->
                <control type="image">
                    <fadetime>350</fadetime>
                    <width>1152</width>
                    <right>0</right>
                    <height>550</height>
                    <top>0</top>
                    <texture background="true" diffuse="special://home/addons/resource.images.backgroundoverlays.basic/resources/Right Corner.png">$VAR[netflixThumb]</texture>
                    <aspectratio scalediffuse="true" aligny="top">scale</aspectratio>
                    <visible>!Skin.HasSetting(View523_DetailsShowFanart)</visible>
                </control>
  
                <!--Video Window -->
                <control type="group">
                    <!-- <width>950</width> -->
                    <!-- <right>40</right> -->
                    <!-- <height>460</height> -->
                    <!-- <top>40</top> -->
					<width>1152</width>
                    <right>-70</right>
                    <height>550</height>
                    <top>0</top>
					<!-- Original -->
					<visible>[String.IsEqual(Window(Home).Property(TrailerPlaying),windowed) + Skin.HasSetting(DetailsAutoTrailer)]</visible>
					<visible>!Skin.HasSetting(View523_DetailsShowFanart)</visible>
                    <!-- <visible>[Player.HasVideo + !String.IsEmpty(Window(Home).Property(TrailerPlaying)) + Skin.HasSetting(DetailsAutoTrailer)]</visible> -->
					<!-- Ende Original -->
					<!-- <visible>[Player.HasVideo + String.IsEqual(Window(Home).Property(TrailerPlaying),windowed) + Skin.HasSetting(DetailsAutoTrailer)]</visible> -->
					<!-- <visible>String.IsEqual(Window(Home).Property(TrailerPlaying),windowed)</visible> -->
					<!-- <visible>[Skin.HasSetting(View523_DetailsShowFanart) + Player.HasVideo + String.IsEqual(Window(Home).Property(TrailerPlaying),windowed) + Skin.HasSetting(DetailsAutoTrailer)]</visible> -->
                    <control type="image">
                        <texture>colors/color_black.png</texture>
                    </control>
                    <control type="videowindow">
                    </control>
                </control>
  
                <control type="group">
                    <!-- <width>950</width> -->
                    <!-- <right>40</right> -->
                    <!-- <height>460</height> -->
                    <!-- <top>40</top> -->
					<width>820</width>
                    <right>10</right>
                    <height>550</height>
                    <top>0</top>
					<!-- Original -->
					<visible>[String.IsEqual(Window(Home).Property(TrailerPlaying),windowed) + Skin.HasSetting(DetailsAutoTrailer)]</visible>
					<visible>Skin.HasSetting(View523_DetailsShowFanart)</visible>
                    <!-- <visible>[Player.HasVideo + !String.IsEmpty(Window(Home).Property(TrailerPlaying)) + Skin.HasSetting(DetailsAutoTrailer)]</visible> -->
					<!-- Ende Original -->
					<!-- <visible>[Player.HasVideo + String.IsEqual(Window(Home).Property(TrailerPlaying),windowed) + Skin.HasSetting(DetailsAutoTrailer)]</visible> -->
					<!-- <visible>String.IsEqual(Window(Home).Property(TrailerPlaying),windowed)</visible> -->
					<!-- <visible>[Skin.HasSetting(View523_DetailsShowFanart) + Player.HasVideo + String.IsEqual(Window(Home).Property(TrailerPlaying),windowed) + Skin.HasSetting(DetailsAutoTrailer)]</visible> -->
                    <control type="image">
                        <texture>colors/color_black.png</texture>
                    </control>
                    <control type="videowindow">
                    </control>
                </control>  

                <control type="grouplist">
                    <width>800</width>
                    <left>55</left>
                    <top>20</top>
                    <height>180</height>
					<visible>!Skin.HasSetting(View523_DetailsShowFanart)</visible>
                <!-- clearlogo -->
					<control type="image" id="29475">
						<height>180</height>
						<align>center</align>
						<aspectratio align="center" aligny="center">keep</aspectratio>
						<texture background="true" fallback="colors/color_transparent.png">$VAR[ListItemClearLogo]</texture>
						<visible>!Skin.HasSetting(NoClearLogoNetflix)</visible>
					</control>
				</control>
                <control type="grouplist">
                    <width>1000</width>
                    <left>55</left>
                    <top>20</top>
                    <height>180</height>
					<visible>Skin.HasSetting(View523_DetailsShowFanart)</visible>
                <!-- clearlogo -->
					<control type="image" id="29476">
						<height>180</height>
						<align>center</align>
						<aspectratio align="center" aligny="center">keep</aspectratio>
						<texture background="true" fallback="colors/color_transparent.png">$VAR[ListItemClearLogo]</texture>
						<visible>!Skin.HasSetting(NoClearLogoNetflix)</visible>
					</control>
				</control>
                
                <!-- title fallback -->
                <control type="textbox">
                    <height>120</height>
                    <width>800</width>
                    <left>50</left>
                    <top>30</top>
                    <font>Reg46</font>
                    <align>center</align>
                    <aligny>top</aligny>
                    <label>$VAR[View523_FallbackTitle]</label>
                    <textcolor>$INFO[Skin.String(ViewDetailsTextColor)]</textcolor>
                    <visible>[String.Contains(Control.GetLabel(29475),color_transparent) | String.Contains(Control.GetLabel(29476),color_transparent) | Skin.HasSetting(NoClearLogoNetflix)] + !Skin.HasSetting(View523_DetailsShowFanart)</visible>
                </control>
                <control type="textbox">
                    <height>120</height>
                    <width>1000</width>
                    <left>50</left>
                    <top>30</top>
                    <font>Reg46</font>
                    <align>center</align>
                    <aligny>top</aligny>
                    <label>$VAR[View523_FallbackTitle]</label>
                    <textcolor>$INFO[Skin.String(ViewDetailsTextColor)]</textcolor>
                    <visible>[String.Contains(Control.GetLabel(29475),color_transparent) | String.Contains(Control.GetLabel(29476),color_transparent) | Skin.HasSetting(NoClearLogoNetflix)] + Skin.HasSetting(View523_DetailsShowFanart)</visible>
                </control>
                
                <control type="grouplist">
                    <width>1500</width>
                    <posx>55</posx>
                    <posy>205</posy>
                    <height>400</height>
					<itemgap>2</itemgap>
                    <orientation>vertical</orientation>
                    
                    <!-- subtitle: tagline or episode name -->
                    <control type="label">
                        <height>64</height>
						<width>800</width>
                        <font>Reg36</font>
                        <align>center</align>
                        <aligny>center</aligny>
						<wrapmultiline>true</wrapmultiline>
                        <textcolor>$INFO[Skin.String(ViewDetailsTextColor)]</textcolor>
                        <label>$VAR[View523_SubTitle]</label>
                        <visible>!Skin.HasSetting(View523_DetailsShowFanart)</visible>
                    </control>
                    <control type="label">
                        <height>64</height>
                        <width>1000</width>
                        <font>Reg36</font>
                        <align>center</align>
                        <aligny>center</aligny>
						<wrapmultiline>true</wrapmultiline>
                        <textcolor>$INFO[Skin.String(ViewDetailsTextColor)]</textcolor>
                        <label>$VAR[View523_SubTitle]</label>
                        <visible>Skin.HasSetting(View523_DetailsShowFanart)</visible>
                    </control>
                    
                    <!-- details -->
                    <control type="label">
                       <!--  <height>60</height> -->
                        <width>800</width>
                        <font>Reg28</font>
                        <align>left</align>
                        <aligny>center</aligny>
                        <textcolor>$INFO[Skin.String(ViewDetailsTextColor)]</textcolor>
                        <label>$VAR[Details]</label>
                        <visible>!Skin.HasSetting(View523_DetailsShowFanart)</visible>
                    </control>
                    <control type="label">
                       <!--  <height>60</height> -->
                        <width>1000</width>
                        <font>Reg28</font>
                        <align>left</align>
                        <aligny>center</aligny>
                        <textcolor>$INFO[Skin.String(ViewDetailsTextColor)]</textcolor>
                        <label>$VAR[ListDetails]</label>
                        <visible>Skin.HasSetting(View523_DetailsShowFanart)</visible>
                    </control>
                    
                    <!-- plot -->
                    <control type="textbox">
                        <height>230</height>
                        <width>800</width>
                        <label>$VAR[Plots]</label>
                        <textcolor>$INFO[Skin.String(ViewDetailsTextColor)]</textcolor>
                        <align>justify</align>
                        <font>Reg28</font>
                        <visible>!Skin.HasSetting(View523_DetailsShowFanart)</visible>
                    </control>
                    <control type="textbox">
                        <height>230</height>
                        <width>1000</width>
                        <label>$VAR[Plots]</label>
                        <textcolor>$INFO[Skin.String(ViewDetailsTextColor)]</textcolor>
                        <align>justify</align>
                        <font>Reg28</font>
                        <visible>Skin.HasSetting(View523_DetailsShowFanart)</visible>
                    </control>
                    
                </control>
                
                <!-- media flags -->
                <control type="group">
                    <posx>60</posx>
                    <height>50</height>
                    <top>590</top>
                    <include>mediaflags</include>
                </control>
                <!-- rating -->
                <control type="group">
                    <right>50</right>
                    <height>50</height>
                    <width>500</width>
                    <top>580</top>
                    <include condition="![Skin.HasSetting(StudioInFooter) | Skin.HasSetting(IMDBRatingInFooter) | Skin.HasSetting(RTRatingInFooter)]">StarRating</include>
                    <include condition="[Skin.HasSetting(StudioInFooter) | Skin.HasSetting(IMDBRatingInFooter) | Skin.HasSetting(RTRatingInFooter)]">AltRating</include>
                </control>
                
                <!--discart image-->
                <control type="image">
                    <width>400</width>
                    <height>400</height>
                    <top>40</top>
                    <right>-200</right>
					<texture background="true" diffuse="diffuse/cdmask_new.png">$VAR[DiscArtImage]</texture>
					<aspectratio scalediffuse="false" align="center" aligny="center">scale</aspectratio>
					<animation effect="slide" start="200" end="0" tween="cubic" easing="inout" time="1200" delay="600" condition="Skin.HasSetting(View523_ShowCDart)">Conditional</animation>
					<animation effect="fade" start="0" end="100" delay="600" time="800" pulse="false" condition="Skin.HasSetting(View523_ShowCDart)">Conditional</animation>
					<animation effect="rotate" end="-360" center="auto" time="20000" loop="true" reversible="false" condition="Skin.HasSetting(AnimateDiscArt)">Conditional</animation>
                    <visible>Skin.HasSetting(View523_ShowCDart)</visible>
				</control>
                
            </control>
            
            <!-- menu button -->
            <control type="radiobutton" id="5001">
                <width>60</width>
                <height>60</height>
                <right>20</right>
                <top>20</top>
                <font></font>
                <selected>Control.HasFocus(5001)</selected>
                <texturefocus></texturefocus>
                <texturenofocus></texturenofocus>
                <textureradiofocus colordiffuse="$INFO[Skin.String(ButtonTextFocusColor)]">touchcontrols/icon_back.png</textureradiofocus>
                <textureradionofocus colordiffuse="$INFO[Skin.String(ButtonTextColor)]">touchcontrols/icon_back.png</textureradionofocus>
                <radiowidth>60</radiowidth>
                <radioheight>60</radioheight>
                <onclick>Close</onclick>
                <visible>Skin.HasSetting(EnableTouchSupport) + !Window.IsActive(Home)</visible>
                <ondown>510</ondown>
            </control>
            
            <!-- View 523 -->
			<include condition="Skin.HasSetting(View523_UseFixedLayout)">View523_layout_fixed</include>
			<include condition="!Skin.HasSetting(View523_UseFixedLayout)">View523_layout_normal</include>
            
            <!--horizontal Scrollbar-->
			<control type="group">
				<control type="scrollbar" id="60">
					<visible>Control.IsVisible(523) + Integer.IsGreater(Container.Numitems,0)</visible>
					<left>60</left>
					<bottom>5</bottom>
					<width>1800</width>
					<height>20</height>
					<onup>523</onup>
					<onleft>60</onleft>
					<onright>60</onright>
					<orientation>horizontal</orientation>
					<animation effect="fade" start="0" end="100" time="400" condition="[Control.HasFocus(60) | Skin.HasSetting(EnableTouchSupport) | Container.Scrolling | Skin.HasSetting(alwaysShowScrollbars)]">Conditional</animation>
					<animation effect="fade" start="100" end="0" time="400" condition="![Control.HasFocus(60) | Skin.HasSetting(EnableTouchSupport) | Container.Scrolling | Skin.HasSetting(alwaysShowScrollbars)]">Conditional</animation>
				</control>
			</control>
            
        </control>
 	</include>

    <include name="View523_layout_fixed">
		<control type="fixedlist" id="523">
            <focusposition>3</focusposition>
			<include>View523_layout</include>
		</control>
	</include>
	
	<include name="View523_layout_normal">
		<control type="panel" id="523">
			<include>View523_layout</include>
		</control>
	</include>
    
    <include name="View523_layout">
        <viewtype label="31018">icons</viewtype>
        <left>50</left>
        <bottom>40</bottom>
        <height>380</height>
        <width>1920</width>
        <orientation>horizontal</orientation>
        <onleft>523</onleft>
        <onright>523</onright>
        <onup>9000</onup>
        <ondown condition="Skin.HasSetting(EnableQuickJump)">7000</ondown>
        <ondown condition="!Skin.HasSetting(EnableQuickJump)">60</ondown>
        <preloaditems>4</preloaditems>
        <pagecontrol>60</pagecontrol>
        <visible>String.IsEqual(Window(Home).Property(SkinHelper.ForcedView),523) | String.IsEmpty(Window(Home).Property(SkinHelper.ForcedView))</visible>
        <itemlayout height="380" width="455" condition="Container.Content(episodes)">
            <control type="group">
                <width>100%</width>
                <height>75%</height>
                <bottom>30</bottom>
                <include>ThumbsViewLayout</include>
            </control>
        </itemlayout>
        <focusedlayout height="380" width="455" condition="Container.Content(episodes)">
            <control type="group">
                <width>100%</width>
                <height>75%</height>
                <bottom>30</bottom>
                <include>ThumbsViewLayoutFocus</include>
                <animation effect="zoom" end="110,110" center="auto" time="100">focus</animation>
            </control>
        </focusedlayout>
        <itemlayout height="380" width="262" condition="!Container.Content(episodes)">
          <control type="group">
            <width>97%</width>
            <height>97%</height>
            <include>PosterPanelLayout</include>
          </control>
        </itemlayout>
        <focusedlayout height="380" width="262" condition="!Container.Content(episodes)">
          <control type="group">
            <width>97%</width>
            <height>97%</height>
            <include>PosterPanelLayoutFocus</include>
            <include>AutoTrailerButton</include>
            <animation effect="zoom" end="115,115" center="auto" time="100" condition="Skin.HasSetting(View523_UseFixedLayout)">focus</animation>
          </control>
        </focusedlayout>
	</include>
    
    <variable name="View523_FallbackTitle">
        <value condition="Container.Content(episodes)">$INFO[ListItem.TvshowTitle]</value>
        <value>$INFO[ListItem.Title]</value>
    </variable>
    
    <variable name="View523_SubTitle">
        <value condition="Container.Content(episodes)">$INFO[ListItem.Label]</value>
        <value>$INFO[ListItem.TagLine]</value>
    </variable>
    
</includes>