<?xml version="1.0" encoding="UTF-8"?>
<window type="dialog" id="1107">
	<defaultcontrol always="true">9001</defaultcontrol>
	<!-- <include>Animation_DialogPopupOpenClose</include> -->
	<include>animation_window_open_close</include>
	<controls>
		<include>DialogOverlayExtra</include>
		<!-- hidden button to exit dialog in touchscreen mode -->
		<control type="button">
			<posx>0</posx>
			<posy>0</posy>
			<width>100%</width>
			<height>100%</height>
			<align>center</align>
			<aligny>center</aligny>
			<font>Light28</font>
			<label></label>
			<textcolor></textcolor>
			<focusedcolor></focusedcolor>
			<disabledcolor></disabledcolor>
			<texturefocus>colors/color_transparent.png</texturefocus>
			<texturenofocus></texturenofocus>
			<onclick>back</onclick>
			<visible>Skin.HasSetting(EnableTouchSupport)</visible>
		</control>
		<control type="button" id="9001">
			<description>Make sure we hit the first button in the group list and not the close window button</description>
			<left>-16</left>
			<top>-16</top>
			<width>4</width>
			<height>4</height>
			<label></label>
			<font></font>
			<onfocus>3110</onfocus>
			<texturefocus></texturefocus>
			<texturenofocus></texturenofocus>
			<onleft>3110</onleft>
			<onright>3110</onright>
			<onup>3110</onup>
			<ondown>3110</ondown>
			<onfocus>SetFocus(3110)</onfocus>
		</control>		
		<control type="group">
			<bottom>0</bottom>
			<height>110</height>
			<include condition="!Skin.HasTheme(skindefault)">animation_dialog_button</include>
			<include condition="Skin.HasTheme(skindefault)">animation_dialog_button_modern</include>
			<!--Panel-->
			<control type="image">
				<posx>60</posx>
				<posy>0</posy>
				<width>1800</width>
				<height>120</height>
				<texture border="15">diffuse/bgpanel.png</texture>
				<colordiffuse>$INFO[Skin.String(GeneralPanelsColor)]</colordiffuse>
				<visible>Skin.HasTheme(modern_rounded)</visible>
			</control>
			<control type="image">
				<posx>0</posx>
				<bottom>0</bottom>
				<width>100%</width>
				<height>110</height>
				<texture border="15">diffuse/bgpanel.png</texture>
				<colordiffuse>$INFO[Skin.String(GeneralPanelsColor)]</colordiffuse>
				<visible>Skin.HasTheme(skindefault)</visible>
			</control>
			<!--Menu-Label-->
			<control type="label">
				<posx>60</posx>
				<label>$INFO[Container(3110).ListItem.Label]</label>
				<width>560</width>
				<height>110</height>
				<align>left</align>
				<aligny>center</aligny>
				<font>Reg42</font>
				<textcolor>$INFO[Skin.String(GeneralTextColor)]</textcolor>
				<animation effect="fade" time="250" delay="250">Visible</animation>
			</control>
			<!--Button Grouplist-->
			<control type="list" id="3110">
				<posx>720</posx>
				<posy>25</posy>
				<width>1130</width>
				<height>75</height>
				<align>center</align>
				<onup>Dialog.Close(1107)</onup>
				<ondown>Dialog.Close(1107)</ondown>
				<onup>300</onup>
				<ondown>300</ondown>
				<onback>300</onback>
				<orientation>horizontal</orientation>
				<focusposition></focusposition>
				<scrolltime tween="cubic" easing="inout">500</scrolltime>
				<itemlayout width="120" height="72">
					<control type="image">
						<width>72</width>
						<height>72</height>
						<texture background="true">$INFO[ListItem.Icon]</texture>
						<colordiffuse>$INFO[Skin.String(GeneralTextColor)]</colordiffuse>
						<animation end="50" effect="fade" time="0" delay="0" condition="true">Conditional</animation>
					</control>
				</itemlayout>
				<focusedlayout width="120" height="70">
					<control type="image">
						<width>72</width>
						<height>72</height>
						<texture background="true">$INFO[ListItem.Icon]</texture>
						<colordiffuse>$INFO[Skin.String(GeneralTextColor)]</colordiffuse>
					</control>
				</focusedlayout>		
				<content>
					<!-- shutdown menu options for loginscreen -->
					<item id="991">
						<label>$LOCALIZE[70001]</label>
						<icon>icons/kodi.png</icon>
						<onclick>Dialog.Close(all)</onclick>
						<onclick condition="System.AddonIsEnabled(script.globalsearch)">RunScript(script.globalsearch)</onclick>
						<onclick condition="System.HasAddon(script.globalsearch) + !System.AddonIsEnabled(script.globalsearch)">EnableAddon(script.globalsearch)</onclick>
						<onclick condition="!System.hasAddon(script.globalsearch)">InstallAddon(script.globalsearch)</onclick>
					</item>
					<item id="992">
						<label>$LOCALIZE[70002]</label>
						<icon>icons/addons.png</icon>
						<onclick>Dialog.Close(all)</onclick>
						<onclick>ActivateWindow(addonbrowser,addons://search/,return)</onclick>
					</item>
					<item id="993">
						<label>$LOCALIZE[70003]</label>
						<icon>icons/youtube.png</icon>
						<onclick>Dialog.Close(all)</onclick>
						<onclick condition="System.AddonIsEnabled(plugin.video.youtube)">ActivateWindow(videos,"plugin://plugin.video.youtube/kodion/search/list/",return)</onclick>
						<onclick condition="System.HasAddon(plugin.video.youtube) + !System.AddonIsEnabled(plugin.video.youtube)">EnableAddon(plugin.video.youtube)</onclick>
						<onclick condition="!System.HasAddon(plugin.video.youtube)">InstallAddon(plugin.video.youtube)</onclick>
					</item>
					<item id="994">
						<label>$LOCALIZE[70004]</label>
						<icon>icons/themoviedb.png</icon>
						<onclick>Dialog.Close(all)</onclick>
						<onclick condition="System.AddonIsEnabled(script.extendedinfo)">RunScript(script.extendedinfo,info=moviedbbrowser,search=True)</onclick>
						<onclick condition="System.HasAddon(script.extendedinfo) + !System.AddonIsEnabled(script.extendedinfo)">EnableAddon(script.extendedinfo)</onclick>
						<onclick condition="!System.HasAddon(script.extendedinfo)">InstallAddon(script.extendedinfo)</onclick>						
					</item>
					<item id="995">
						<label>$LOCALIZE[70032]</label>
						<icon>icons/wikipedia.png</icon>
						<onclick>Dialog.Close(all)</onclick>
						<onclick condition="System.AddonIsEnabled(script.wikipedia)">RunScript(script.wikipedia,language=$VAR[language_iso639-1])</onclick>
						<onclick condition="System.HasAddon(script.wikipedia) + !System.AddonIsEnabled(script.wikipedia)">EnableAddon(script.wikipedia)</onclick>
						<onclick condition="!System.HasAddon(script.wikipedia)">InstallAddon(script.wikipedia)</onclick>
					</item>
				</content>	
			</control>
		</control>
    </controls>
</window>		
