<?xml version="1.0" encoding="utf-8"?>
<!--Titan-->
<window>
    <defaultcontrol always="true">1000</defaultcontrol>
    <onload condition="Window.IsActive(loginscreen) + Skin.HasSetting(LoginScreen_DisableContextMenu)">Close</onload>
	<onload condition="Window.IsActive(tvguide) + Control.IsVisible(1003)">SetFocus(1003)</onload>
    <controls>
		<!-- touchscreen support -->
		<!-- hidden button to exit dialog in touchscreen mode -->
		<control type="button">
			<posx>0</posx>
			<posy>0</posy>
			<width>100%</width>
			<height>100%</height>
			<align>center</align>
			<aligny>center</aligny>
			<font>Light28</font>
			<label></label>
			<textcolor></textcolor>
			<focusedcolor></focusedcolor>
			<disabledcolor></disabledcolor>
			<texturefocus>colors/color_transparent.png</texturefocus>
			<texturenofocus></texturenofocus>
			<onclick>back</onclick>
			<visible>Skin.HasSetting(EnableTouchSupport)</visible>
		</control>
		<include condition="Skin.HasSetting(smallContextMenu)">DialogContextMenuClassic</include>
        <include condition="!Skin.HasSetting(smallContextMenu)">DialogContextMenuModern</include>
	</controls>
</window>