<?xml version="1.0" encoding="utf-8"?>
<!--Titan-->
<window>
    <defaultcontrol always="true">20</defaultcontrol>
    <controls>
        <!--Globalbackground-->
        <include>GlobalBackground</include>
		<!--NowPlaying-->
		<include>NowPlayingModern</include>
        <!--Header-->
        <include>Header</include>
        <!-- footer bar -->
		<control type="group">
			<visible>!Control.IsVisible(514)</visible>
			<include condition="!Skin.HasSetting(nofooterbar)">Footer</include>
		</control>
		<control type="group">
			<include>animation_window_open_close</include>
		
			<!--Panel-->
			<control type="image">
				<left>50</left>
				<top>240</top>
				<width>1820</width>
				<height>718</height>
				<texture border="15">diffuse/bgpanel.png</texture>
				<colordiffuse>$INFO[Skin.String(GeneralPanelsColor)]</colordiffuse>
			</control>
			<control type="group">
				<!--Start Left Panel-->
				<description>Left panel</description>
				<left>20</left>
				<top>270</top>
				<control type="image">
					<left>80</left>
					<top>80</top>
					<width>850</width>
					<height>520</height>
					<texture border="5">diffuse/panel.png</texture>
					<colordiffuse>$INFO[Skin.String(GeneralPanelsColor)]</colordiffuse>
				</control>
				<control type="label" id="101">
					<!--Header-->
					<description>Header Label</description>
					<left>140</left>
					<width>700</width>
					<align>left</align>
					<label></label>
					<textcolor>$INFO[Skin.String(GeneralHighlightTextColor)]</textcolor>
					<font>Bold38</font>
				</control>
                
                <control type="scrollbar" id="60">
                    <left>40</left>
					<top>80</top>
                    <height>520</height>
                    <onup>60</onup>
                    <ondown>60</ondown>
                    <onleft>20</onleft>
                    <onright>20</onright>
                    <animation effect="fade" start="0" end="100" time="400" condition="Control.HasFocus(60) | Skin.HasSetting(EnableTouchSupport) | Container(20).Scrolling | Skin.HasSetting(alwaysShowScrollbars)">Conditional</animation>
                    <animation effect="fade" start="100" end="0" time="400" condition="![Control.HasFocus(60) | Skin.HasSetting(EnableTouchSupport) | Container(20).Scrolling | Skin.HasSetting(alwaysShowScrollbars)]">Conditional</animation>
                </control>
                
				<control type="list" id="20">
					<!--List 20-->
					<description>Left File List</description>
					<left>0</left>
					<top>100</top>
					<width>950</width>
					<height>490</height>
					<onleft>60</onleft>
					<onright>21</onright>
					<onup>20</onup>
					<ondown>20</ondown>
                    <pagecontrol>60</pagecontrol>
					<itemlayout height="69" width="900">
						<control type="image">
							<left>140</left>
							<top>13</top>
							<width>40</width>
							<height>40</height>
							<texture>common/folder.png</texture>
							<colordiffuse>$INFO[Skin.String(GeneralTextColor)]</colordiffuse>
							<visible>ListItem.IsFolder + !ListItem.IsSelected</visible>
						</control>
						<control type="image">
							<left>140</left>
							<top>13</top>
							<width>40</width>
							<height>40</height>
							<texture>common/file.png</texture>
							<colordiffuse>$INFO[Skin.String(GeneralTextColor)]</colordiffuse>
							<visible>!ListItem.IsFolder + !ListItem.IsSelected</visible>
						</control>
						<control type="image">
							<left>140</left>
							<top>13</top>
							<width>40</width>
							<height>40</height>
							<texture>common/checkbox.png</texture>
							<colordiffuse>$INFO[Skin.String(GeneralTextColor)]</colordiffuse>
							<visible>ListItem.IsSelected</visible>
						</control>
						<control type="label">
							<left>210</left>
							<width>480</width>
							<align>left</align>
							<font>Reg30</font>
							<info>ListItem.Label</info>
							<textcolor>$INFO[Skin.String(GeneralTextColor)]</textcolor>
						</control>
						<control type="label">
							<left>210</left>
							<width>670</width>
							<align>right</align>
							<font>Reg24</font>
							<info>ListItem.Label2</info>
							<textcolor>$INFO[Skin.String(GeneralTextColor)]</textcolor>
						</control>
					</itemlayout>
					<focusedlayout height="69" width="900">
						<control type="image">
							<visible>Control.HasFocus(20)</visible>
							<left>100</left>
							<top>7</top>
							<width>810</width>
							<height>50</height>
							<colordiffuse>$INFO[Skin.String(ButtonFocusColor)]</colordiffuse>
							<texture border="5">diffuse/panel.png</texture>
						</control>
                        <control type="image">
							<visible>!Control.HasFocus(20)</visible>
							<left>100</left>
							<top>7</top>
							<width>810</width>
							<height>50</height>
							<colordiffuse>$INFO[Skin.String(ButtonFocusColor)]</colordiffuse>
							<texture border="5">diffuse/panel_trans.png</texture>
						</control>
						<control type="image">
							<left>140</left>
							<top>13</top>
							<width>40</width>
							<height>40</height>
							<texture>common/folder.png</texture>
							<colordiffuse>$INFO[Skin.String(ButtonFocusTextColor)]</colordiffuse>
							<visible>ListItem.IsFolder + !ListItem.IsSelected</visible>
						</control>
						<control type="image">
							<left>140</left>
							<top>13</top>
							<width>40</width>
							<height>40</height>
							<texture>common/file.png</texture>
							<colordiffuse>$INFO[Skin.String(ButtonFocusTextColor)]</colordiffuse>
							<visible>!ListItem.IsFolder + !ListItem.IsSelected</visible>
						</control>
						<control type="image">
							<left>140</left>
							<top>13</top>
							<width>40</width>
							<height>40</height>
							<texture>common/checkbox.png</texture>
							<visible>ListItem.IsSelected</visible>
                            <colordiffuse>$INFO[Skin.String(ButtonFocusTextColor)]</colordiffuse>
						</control>
						<control type="label">
							<left>210</left>
							<width>480</width>
							<align>left</align>
							<font>Reg30</font>
							<info>ListItem.Label</info>
							<scrollspeed>30</scrollspeed>
                            <scroll>true</scroll>
							<textcolor>$INFO[Skin.String(ButtonFocusTextColor)]</textcolor>
						</control>
						<control type="label">
							<left>210</left>
							<width>670</width>
							<align>right</align>
							<font>Reg24</font>
							<info>ListItem.Label2</info>
							<textcolor>$INFO[Skin.String(ButtonFocusTextColor)]</textcolor>
						</control>
					</focusedlayout>
				</control>
				<control type="label" id="12">
					<label></label>
					<!--Object Info RSS-->
					<description>Header Label</description>
					<left>140</left>
					<top>610</top>
					<width>480</width>
					<align>left</align>
					<font>Reg30</font>
					<textcolor>$INFO[Skin.String(GeneralTextColor)]</textcolor>
				</control>
			</control>
			<control type="group">
				<!--Start Right Panel-->
				<description>Right panel</description>
				<left>900</left>
				<top>270</top>
				<control type="image">
					<left>80</left>
					<top>80</top>
					<width>850</width>
					<height>520</height>
					<texture border="5">diffuse/panel.png</texture>
					<colordiffuse>$INFO[Skin.String(GeneralPanelsColor)]</colordiffuse>
				</control>
				<control type="label" id="102">
					<!--Header-->
					<description>Header Label</description>
					<left>140</left>
					<width>700</width>
					<align>left</align>
					<label></label>
					<textcolor>$INFO[Skin.String(GeneralHighlightTextColor)]</textcolor>
					<font>Bold38</font>
				</control>
				<control type="list" id="21">
					<!--List 21-->
					<description>Right File List</description>
					<left>0</left>
					<top>100</top>
					<width>950</width>
					<height>490</height>
					<onleft>20</onleft>
					<onright>70</onright>
					<onup>21</onup>
					<ondown>21</ondown>
                    <pagecontrol>70</pagecontrol>
					<itemlayout height="69" width="900">
						<control type="image">
							<left>140</left>
							<top>13</top>
							<width>40</width>
							<height>40</height>
							<texture>common/folder.png</texture>
							<colordiffuse>$INFO[Skin.String(GeneralTextColor)]</colordiffuse>
							<visible>ListItem.IsFolder + !ListItem.IsSelected</visible>
						</control>
						<control type="image">
							<left>140</left>
							<top>13</top>
							<width>40</width>
							<height>40</height>
							<texture>common/file.png</texture>
							<colordiffuse>$INFO[Skin.String(GeneralTextColor)]</colordiffuse>
							<visible>!ListItem.IsFolder + !ListItem.IsSelected</visible>
						</control>
						<control type="image">
							<left>140</left>
							<top>13</top>
							<width>40</width>
							<height>40</height>
                            <colordiffuse>$INFO[Skin.String(GeneralTextColor)]</colordiffuse>
							<texture>common/checkbox.png</texture>
							<visible>ListItem.IsSelected</visible>
						</control>
						<control type="label">
							<left>210</left>
							<width>480</width>
							<align>left</align>
							<font>Reg30</font>
							<info>ListItem.Label</info>
							<textcolor>$INFO[Skin.String(GeneralTextColor)]</textcolor>
						</control>
						<control type="label">
							<left>210</left>
							<width>670</width>
							<align>right</align>
							<font>Reg24</font>
							<info>ListItem.Label2</info>
							<textcolor>$INFO[Skin.String(GeneralTextColor)]</textcolor>
						</control>
					</itemlayout>
					<focusedlayout height="69" width="900">
						<control type="image">
							<visible>Control.HasFocus(21)</visible>
							<left>100</left>
							<top>7</top>
							<width>810</width>
							<height>50</height>
							<colordiffuse>$INFO[Skin.String(ButtonFocusColor)]</colordiffuse>
							<texture border="5">diffuse/panel.png</texture>
						</control>
                        <control type="image">
							<visible>!Control.HasFocus(21)</visible>
							<left>100</left>
							<top>7</top>
							<width>810</width>
							<height>50</height>
							<colordiffuse>$INFO[Skin.String(ButtonFocusColor)]</colordiffuse>
							<texture border="5">diffuse/panel_trans.png</texture>
						</control>
                        <control type="image">
							<left>140</left>
							<top>13</top>
							<width>40</width>
							<height>40</height>
							<texture>common/folder.png</texture>
							<colordiffuse>$INFO[Skin.String(ButtonFocusTextColor)]</colordiffuse>
							<visible>ListItem.IsFolder + !ListItem.IsSelected</visible>
						</control>
						<control type="image">
							<left>140</left>
							<top>13</top>
							<width>40</width>
							<height>40</height>
							<texture>common/file.png</texture>
							<colordiffuse>$INFO[Skin.String(ButtonFocusTextColor)]</colordiffuse>
							<visible>!ListItem.IsFolder + !ListItem.IsSelected</visible>
						</control>
						<control type="image">
							<left>140</left>
							<top>13</top>
							<width>40</width>
							<height>40</height>
                            <colordiffuse>$INFO[Skin.String(ButtonFocusTextColor)]</colordiffuse>
							<texture>common/checkbox.png</texture>
							<visible>ListItem.IsSelected</visible>
						</control>
						<control type="label">
							<left>210</left>
							<width>480</width>
							<align>left</align>
							<font>Reg30</font>
							<info>ListItem.Label</info>
							<scrollspeed>30</scrollspeed>
                            <scroll>true</scroll>
							<textcolor>$INFO[Skin.String(ButtonFocusTextColor)]</textcolor>
						</control>
						<control type="label">
							<left>210</left>
							<width>670</width>
							<align>right</align>
							<font>Reg24</font>
							<info>ListItem.Label2</info>
							<textcolor>$INFO[Skin.String(ButtonFocusTextColor)]</textcolor>
						</control>
					</focusedlayout>
				</control>
                <control type="scrollbar" id="70">
                    <left></left>
					<right>60</right>
					<top>80</top>
                    <height>520</height>
                    <onup>70</onup>
                    <ondown>70</ondown>
                    <onleft>21</onleft>
                    <onright>21</onright>
                    <animation effect="fade" start="0" end="100" time="400" condition="Control.HasFocus(70) | Skin.HasSetting(EnableTouchSupport) | Container(20).Scrolling | Skin.HasSetting(alwaysShowScrollbars)">Conditional</animation>
                    <animation effect="fade" start="100" end="0" time="400" condition="![Control.HasFocus(70) | Skin.HasSetting(EnableTouchSupport) | Container(20).Scrolling | Skin.HasSetting(alwaysShowScrollbars)]">Conditional</animation>
                </control>
                <control type="label" id="13">
					<!--Object Info RSS-->
					<description>Header Label</description>
					<left>140</left>
					<top>610</top>
					<width>480</width>
					<align>left</align>
					<label></label>
					<font>Reg30</font>
					<textcolor>$INFO[Skin.String(GeneralTextColor)]</textcolor>
				</control>
			</control>
		</control>
	</controls>
</window>