<?xml version="1.0" encoding="utf-8"?>
<!--Titan-->
<window>
    <defaultcontrol always="true">5000</defaultcontrol>
    <include>allViewIds</include>
	<onload>ClearProperty(ShowViewSubMenu,home)</onload>
	<onunload>ClearProperty(ShowViewSubMenu,home)</onunload>
    
    <controls>
        <!-- Background -->
        <include>GlobalBackground</include>
		<!--Header-->
        <include>Header</include>
 
		<!--NowPlaying-->
		<include>NowPlayingModern</include>

		<!-- all Views -->
        <include>allViews</include>
		
        <!--Sub Menu Tab Left-->
        <include condition="!Skin.HasSetting(DisableSideBladeIndicator)">SideBladeMenuTabLeft</include>
        <!--Sub Menu Tab Top-->
        <include condition="!Skin.HasSetting(DisableSideBladeIndicator)">SideBladeMenuTabTop</include>
        <!--Sub Menu-->
        <control type="group">
            <include condition="Skin.HasSetting(smallContextMenu)">SideBladeClassic</include>
			<include condition="!Skin.HasSetting(smallContextMenu)">SideBladeModern</include>
            <!--Grouplist 9000-->
            <control type="grouplist" id="9000">
                <left>21</left>
                <top>185</top>
                <width>458</width>
                <height>770</height>
                <itemgap>3</itemgap>
                <onleft>5000</onleft>
                <onright>5000</onright>
				<visible>!Skin.HasSetting(KioskMode.Enabled)</visible>
				<onright>ClearProperty(ShowViewSubMenu,home)</onright>
				<onleft>ClearProperty(ShowViewSubMenu,home)</onleft>
				<onback>ClearProperty(ShowViewSubMenu,home)</onback>
				<onback>5000</onback>
                <onup>9000</onup>
                <ondown>9000</ondown>
                <orientation>vertical</orientation>
                <!--Buttons-->

				
<!--                <control type="radiobutton" id="14">            -->
                    <!--Button Watched Toggle-->                    
<!--                    <include>SideBladeMenuButton</include>
                    <label>$LOCALIZE[20367]</label>
                </control>
-->
               <control type="button" id="3">
					<description>Sort by button</description>
					<include>SideBladeMenuButton</include>
					<label>$LOCALIZE[103]</label>
				</control>
				<control type="togglebutton" id="4">
					<description>Sort asc</description>
					<include>SideBladeMenuButton</include>
					<alttexturefocus border="5" colordiffuse="$INFO[Skin.String(ButtonFocusColor)]">colors/color_white.png</alttexturefocus>
					<alttexturenofocus></alttexturenofocus>
					<label>$LOCALIZE[584]</label>
					<altlabel>$LOCALIZE[585]</altlabel>
					<usealttexture>Container.SortDirection(Ascending)</usealttexture>
				</control>
				<control type="edit" id="19">
					<visible>Container.CanFilter + !Container.CanFilterAdvanced</visible>
					<description>Filter</description>
					<textwidth>230</textwidth>
					<include>SideBladeMenuButton</include>
					<textoffsetx>50</textoffsetx>
					<textoffsety>13</textoffsety>
					<label>$LOCALIZE[587]</label>
				</control>
				<control type="radiobutton" id="98">
					<visible>Container.CanFilterAdvanced</visible>
					<description>Filter</description>
					<include>SideBladeMenuButton</include>
					<label>$LOCALIZE[587]</label>
					<selected>Container.Filtered</selected>
					<onclick>right</onclick>
					<onclick>Filter</onclick>
				</control>
				
				
<!--
				<control type="label" id="203">
					<description>Actions</description>
					<include>MediaMenuLabelCommon</include>
					<label>mb_mygames109</label>                          -->
					<!-- <label>$LOCALIZE[31020]</label> -->
					<!-- <visible>Control.IsVisible(621) | Control.IsVisible(624)</visible> -->
<!--				</control>
-->				
				<control type="button" id="624">
                    <description></description>
                    <include>SideBladeMenuButton</include>
                    <label>$LOCALIZE[10140]</label>
					<onclick>Addon.OpenSettings($INFO[Container.PluginName])</onclick>
                    <visible>!String.IsEmpty(Container.PluginName)</visible>
                </control>
                <control type="button" id="621">
                    <description></description>
                    <include>SideBladeMenuButton</include>
                    <label>$LOCALIZE[21452]</label>
                    <onclick>ActivateWindow(addonbrowser,addons://more/game/,return)</onclick>
                    <visible>Container.Content(addons)</visible>
                </control>
				
				<include>SideBladeViewCommands</include>
				
				<control type="radiobutton" id="4406">
					<description>Unlock Shares</description>
					<include>SideBladeMenuButton</include>
					<label>$LOCALIZE[20336]</label>
					<onclick>mastermode</onclick>
					<selected>system.ismaster</selected>
					<visible>system.haslocks</visible>
				</control>
             </control>
        </control>
		
        <include condition="Skin.HasSetting(DebugGrid) | Skin.HasSetting(DebugInfo)">DebugInfo</include>
	
	</controls>
</window>