<?xml version="1.0" encoding="utf-8"?>
<!--Titan-->
<window>
    <defaultcontrol always="true">50</defaultcontrol>
	
	<onunload>ClearProperty(ShowViewSubMenu,home)</onunload>
    <views>50</views>
	<include>animation_window_open_close</include>
    <controls>
        <!--Music Background-->
        <include>GlobalBackground</include>
         <!--Header-->
        <include>Header</include>
         <!-- footer -->
		<control type="image">
			<left>0</left>
			<top>982</top>
			<width>100%</width>
			<height>110</height>
			<texture border="5">diffuse/panel.png</texture>
			<colordiffuse>$INFO[Skin.String(GeneralPanelsColor)]</colordiffuse>
			<visible>!Skin.HasSetting(nofooterbar)</visible>
			<include>animation_fade_visible_hidden</include>
		</control>

		<!--Panel-->
        <control type="image">
            <left>60</left>
            <top>240</top>
            <width>1800</width>
            <height>660</height>
            <texture border="5">diffuse/panel.png</texture>
			<colordiffuse>$INFO[Skin.String(GeneralPanelsColor)]</colordiffuse>
        </control>
        <control type="group">
            <!--Start Left Panel-->
            <description>Left panel</description>
            <left>20</left>
            <top>300</top>
            <control type="image">
				<left>80</left>
				<top>-20</top>
				<width>850</width>
				<height>600</height>
				<texture border="5">diffuse/panel.png</texture>
				<colordiffuse>$INFO[Skin.String(GeneralPanelsColor)]</colordiffuse>
			</control>
                 <control type="label">
                <!--Header-->
                <left>150</left>
                <width>700</width>
                <align>left</align>
                <label>$LOCALIZE[1217]</label>
                <textcolor>$INFO[Skin.String(GeneralTextColor)]</textcolor>
                <font>Reg30</font>
            </control>
            <control type="list" id="50">
                <!--List 50-->
                <left>0</left>
                <top>100</top>
                <width>950</width>
                <height>420</height>
                <onleft></onleft>
                <onright>100</onright>
                <onup>50</onup>
                <ondown>50</ondown>
                <itemlayout height="69" width="900">
                    <control type="image">
                        <left>130</left>
                        <top>7</top>
                        <width>64</width>
                        <height>53</height>
                        <texture>common/folder.png</texture>
                        <colordiffuse>FFffffff</colordiffuse>
                    </control>
                    <control type="label">
                        <left>210</left>
                        <width>480</width>
                        <align>left</align>
                        <font>Reg30</font>
                        <info>ListItem.Label</info>
                        <textcolor>$INFO[Skin.String(GeneralTextColor)]</textcolor>
                    </control>
                    <control type="label">
                        <left>890</left>
                        <width>200</width>
                        <align>right</align>
                        <font>Reg30</font>
                        <info>ListItem.Label2</info>
                        <textcolor>$INFO[Skin.String(GeneralTextColor)]</textcolor>
                    </control>
                </itemlayout>
                <focusedlayout height="69" width="900">
                    <control type="image">
                        <visible>Control.HasFocus(50)</visible>
                        <left>100</left>
                        <top>7</top>
                        <width>850</width>
                        <height>50</height>
                        <colordiffuse>$INFO[Skin.String(ButtonFocusColor)]</colordiffuse>
                        <texture>diffuse/slider_big.png</texture>
                    </control>
                    <control type="image">
                        <left>130</left>
                        <top>7</top>
                        <width>64</width>
                        <height>53</height>
                        <texture>common/folder.png</texture>
                        <colordiffuse>FFffffff</colordiffuse>
                    </control>
                    <control type="label">
                        <left>210</left>
                        <width>480</width>
                        <align>left</align>
                        <font>Reg30</font>
                        <info>ListItem.Label</info>
                        <scrollspeed>30</scrollspeed>
                        <textcolor>$INFO[Skin.String(GeneralHighlightTextColor)]</textcolor>
                    </control>
                    <control type="label">
                        <left>890</left>
                        <width>200</width>
                        <align>right</align>
                        <font>Reg30</font>
                        <info>ListItem.Label2</info>
                        <scrollspeed>30</scrollspeed>
                        <textcolor>$INFO[Skin.String(GeneralHighlightTextColor)]</textcolor>
                    </control>
                </focusedlayout>
            </control>
            <control type="label">
                <!--Object Info RSS-->
                <description>Header Label</description>
                <left>150</left>
                <top>680</top>
                <width>480</width>
                <align>left</align>
                <label>$INFO[Container(50).ListItem.Label]</label>
                <font>Reg30</font>
                <textcolor>$INFO[Skin.String(GeneralTextColor)]</textcolor>
            </control>
            <control type="label">
                <!--Page Info RSS-->
                <left>870</left>
                <top>680</top>
                <width>250</width>
                <align>right</align>
                <font>Reg30</font>
                <textcolor>$INFO[Skin.String(GeneralTextColor)]</textcolor>
                <label>$INFO[Container(50).CurrentPage]/$INFO[Container(50).NumPages]</label>
            </control>
        </control>
        <control type="group">
            <!--Start Right Panel-->
            <description>Right panel</description>
            <left>900</left>
            <top>300</top>
            <control type="image">
				<left>80</left>
				<top>-20</top>
				<width>850</width>
				<height>600</height>
				<texture border="5">diffuse/panel.png</texture>
				<colordiffuse>$INFO[Skin.String(GeneralPanelsColor)]</colordiffuse>
			</control>
            <control type="label">
                <!--Header-->
                <left>150</left>
                <width>700</width>
                <align>left</align>
                <label>$LOCALIZE[525]</label>
                <textcolor>$INFO[Skin.String(GeneralTextColor)]</textcolor>
                <font>Reg30</font>
            </control>
            <control type="list" id="100">
                <!--List 100-->
                <left>0</left>
                <top>100</top>
                <width>950</width>
                <height>420</height>
                <onleft>50</onleft>
                <onright></onright>
                <onup>100</onup>
                <ondown>100</ondown>
                <itemlayout height="69" width="900">
                    <control type="image">
                        <left>130</left>
                        <top>7</top>
                        <width>64</width>
                        <height>53</height>
                        <texture>common/folder.png</texture>
                        <colordiffuse>FFffffff</colordiffuse>
                    </control>
                    <control type="label">
                        <left>210</left>
                        <width>480</width>
                        <align>left</align>
                        <font>Reg30</font>
                        <info>ListItem.Label</info>
                        <textcolor>$INFO[Skin.String(GeneralTextColor)]</textcolor>
                    </control>
                    <control type="label">
                        <left>890</left>
                        <width>200</width>
                        <align>right</align>
                        <font>Reg30</font>
                        <info>ListItem.Label2</info>
                        <textcolor>$INFO[Skin.String(GeneralTextColor)]</textcolor>
                    </control>
                </itemlayout>
                <focusedlayout height="69" width="900">
                    <control type="image">
                        <visible>Control.HasFocus(100)</visible>
                        <left>100</left>
                        <top>7</top>
                        <width>850</width>
                        <height>50</height>
                        <colordiffuse>$INFO[Skin.String(ButtonFocusColor)]</colordiffuse>
                        <texture>diffuse/slider_big.png</texture>
                    </control>
                    <control type="image">
                        <left>130</left>
                        <top>7</top>
                        <width>64</width>
                        <height>53</height>
                        <texture>common/folder.png</texture>
                        <colordiffuse>FFffffff</colordiffuse>
                    </control>
                    <control type="label">
                        <left>210</left>
                        <width>480</width>
                        <align>left</align>
                        <font>Reg30</font>
                        <info>ListItem.Label</info>
                        <scrollspeed>30</scrollspeed>
                        <textcolor>$INFO[Skin.String(GeneralHighlightTextColor)]</textcolor>
                    </control>
                    <control type="label">
                        <left>890</left>
                        <width>200</width>
                        <align>right</align>
                        <font>Reg30</font>
                        <info>ListItem.Label2</info>
                        <scrollspeed>30</scrollspeed>
                        <textcolor>$INFO[Skin.String(GeneralHighlightTextColor)]</textcolor>
                    </control>
                </focusedlayout>
            </control>
            <control type="label">
                <!--Object Info RSS-->
                <description>Header Label</description>
                <left>150</left>
                <top>680</top>
                <width>480</width>
                <align>left</align>
                <label>$INFO[Container(100).ListItem.Label]</label>
                <font>Reg30</font>
                <textcolor>$INFO[Skin.String(GeneralTextColor)]</textcolor>
            </control>
            <control type="label">
                <!--Page Info RSS-->
                <left>870</left>
                <top>680</top>
                <width>250</width>
                <align>right</align>
                <font>Reg30</font>
                <textcolor>$INFO[Skin.String(GeneralTextColor)]</textcolor>
                <label>$INFO[Container(100).CurrentPage]/$INFO[Container(100).NumPages]</label>
            </control>
        </control>
        <include condition="Skin.HasSetting(DebugGrid) | Skin.HasSetting(DebugInfo)">DebugInfo</include>
    </controls>
</window>