<?xml version="1.0" encoding="UTF-8"?>
<window>
	<defaultcontrol always="true">3012</defaultcontrol>
	<onload>Dialog.Close(fullscreeninfo,true)</onload>
	<onload>Dialog.Close(videoosd,true)</onload>
	<controls>
		
		<control type="group">
			<animation type="WindowOpen" reversible="false">
				<effect type="fade" start="0" end="100" time="400" />
				<effect type="slide" start="0,-200" end="0,0" time="400" />
			</animation>
			<animation type="WindowClose" reversible="false">
				<effect type="fade" start="100" end="0" time="400" />
				<effect type="slide" start="0,0" end="0,-200" time="400" />
			</animation>
			<control type="group">
				<height>200</height>
				<!-- Background -->
				<control type="image">
					<top>0</top>
					<width>100%</width>
					 <!-- <height>200</height> -->
					<texture border="15">diffuse/bgpanel.png</texture>
					<colordiffuse>$INFO[Skin.String(OSDPanelColor)]</colordiffuse>
				</control>
				<!-- Thumb -->
				<control type="group">
					<top>20</top>
					<left>20</left>
					<!-- <control type="image"> -->
						<!-- <top>-2</top> -->
						<!-- <left>-2</left> -->
						<!-- <width>254</width> -->
						<!-- <height>144</height> -->
						<!-- <texture>special://home/addons/service.upnext/resources/skins/default/media/shadow.png</texture> -->
					<!-- </control> -->
					<control type="image">
						<width>250</width>
						<height>141</height>
						<texture colordiffuse="FF12A0C7">special://home/addons/service.upnext/resources/skins/default/media/white.jpg</texture>
						<visible>String.IsEmpty(Window.Property(thumb)) + String.IsEmpty(Window.Property(landscape)) + String.IsEmpty(Window.Property(fanart)) + String.IsEmpty(Window.Property(clearlogo)) + String.IsEmpty(Window.Property(clearart))</visible>
					</control>
					<control type="textbox">
						<top>10</top>
						<left>10</left>
						<width>230</width>
						<height>121</height>
						<font>Light28</font>
						<textcolor>$INFO[Skin.String(OSDPrimaryTextColor)]</textcolor>
						<shadowcolor>$INFO[Skin.String(OSDPrimaryTextShadowColor)]</shadowcolor>
						<align>center</align>
						<aligny>center</aligny>
						<label>[B]$INFO[Window.Property(tvshowtitle)][/B]</label>
						<visible>String.IsEmpty(Window.Property(thumb)) + String.IsEmpty(Window.Property(landscape)) + String.IsEmpty(Window.Property(fanart)) + String.IsEmpty(Window.Property(clearlogo)) + String.IsEmpty(Window.Property(clearart))</visible>
					</control>
					<control type="image">
						<width>250</width>
						<height>141</height>
						<texture>$VAR[NextUpThumb]</texture>
						<aspectratio>keep</aspectratio>
						<visible>![String.IsEmpty(Window.Property(thumb)) + String.IsEmpty(Window.Property(landscape)) + String.IsEmpty(Window.Property(fanart)) + String.IsEmpty(Window.Property(clearlogo)) + String.IsEmpty(Window.Property(clearart))]</visible>
						<!-- <visible>false</visible> -->
					</control>
                    <control type="progress" id="3014">
                        <width>250</width>
                        <top>136</top>
                        <height>5</height>
                        <reveal>true</reveal>
                        <righttexture></righttexture>
                        <overlaytexture></overlaytexture>
                        <lefttexture></lefttexture>
                        <texturebg colordiffuse="00ffffff">special://home/addons/service.upnext/resources/skins/default/media/white.jpg</texturebg>
                        <midtexture colordiffuse="$INFO[Skin.String(ButtonFocusColor)]">special://home/addons/service.upnext/resources/skins/default/media/white.jpg</midtexture>
                    </control>
				</control>
				<!-- Labels -->
				<control type="group">
					<top>20</top>
					<left>290</left>
					<right>20</right>
					<!-- Time -->
					<control type="label">
						<width>auto</width>
						<height>35</height>
						<aligny>center</aligny>
						<font>Reg28</font>
						<textcolor>$INFO[Skin.String(OSDPrimaryTextColor)]</textcolor>
						<shadowcolor>$INFO[Skin.String(OSDPrimaryTextShadowColor)]</shadowcolor>
						<label>$LOCALIZE[30036]</label>
						 <!-- $INFO[Player.TimeRemaining(ss),,] -->
						<visible>!Integer.IsGreater(Player.TimeRemaining,59)</visible>
					</control>
					<control type="label">
						<width>auto</width>
						<height>35</height>
						<aligny>center</aligny>
						<font>Reg28</font>
						<textcolor>$INFO[Skin.String(OSDPrimaryTextColor)]</textcolor>
						<shadowcolor>$INFO[Skin.String(OSDPrimaryTextShadowColor)]</shadowcolor>
						<label>$ADDON[service.upnext 30008]</label>
						<visible>Integer.IsGreater(Player.TimeRemaining,59)</visible>
					</control>
					<!-- Details -->
					<control type="grouplist">
						<orientation>horizontal</orientation>
						<height>35</height>
						<top>40</top>
						<itemgap>0</itemgap>
						<control type="label">
							<width>auto</width>
							<height>35</height>
							<aligny>center</aligny>
							<font>font12</font>
							<textcolor>$INFO[Skin.String(OSDPrimaryTextColor)]</textcolor>
							<shadowcolor>$INFO[Skin.String(OSDPrimaryTextShadowColor)]</shadowcolor>
							<label>$INFO[Window.Property(tvshowtitle),, - ]$INFO[Window.Property(season),S,]$INFO[Window.Property(episode),E, - ]$INFO[Window.Property(title)]   </label>
							<visible>!String.IsEmpty(Window.Property(title))</visible>
						</control>
						<control type="label">
							<width>auto</width>
							<height>35</height>
							<aligny>center</aligny>
							<font>font12</font>
							<textcolor>$INFO[Skin.String(OSDPrimaryTextColor)]</textcolor>
							<shadowcolor>$INFO[Skin.String(OSDPrimaryTextShadowColor)]</shadowcolor>
							<label>$INFO[Window.Property(year),,   ]</label>
							<visible>!String.IsEmpty(Window.Property(year))</visible>
						</control>
						<control type="image">
							<width>19</width>
							<height>19</height>
							<aspect>keep</aspect>
							<texture colordiffuse="$INFO[Skin.String(OSDPrimaryTextColor)]">flags/rating.png</texture>
							<animation effect="slide" end="0,8" time="0" condition="true">Conditional</animation>
							<visible>!String.IsEmpty(Window.Property(rating))</visible>
						</control>
						<control type="label">
							<width>auto</width>
							<height>35</height>
							<aligny>center</aligny>
							<label>$INFO[Window.Property(rating), ,   ]</label>
							<font>font12</font>
							<textcolor>$INFO[Skin.String(OSDPrimaryTextColor)]</textcolor>
							<shadowcolor>$INFO[Skin.String(OSDPrimaryTextShadowColor)]</shadowcolor>
							<visible>!String.IsEmpty(Window.Property(rating))</visible>
						</control>
					</control>
					<!-- Buttons -->
					<control type="grouplist">
						<orientation>horizontal</orientation>
						<height>110</height>
						<bottom>-20</bottom>
						<itemgap>10</itemgap>
						<control type="button" id="3012">
							<!-- <include>DialogButtonOther</include> -->
							<label>$ADDON[service.upnext 30006]</label>
							<!-- <height>56</height> -->
							<width min="50">auto</width>
							<!-- <font>font20_title</font> -->
							<textoffsetx>55</textoffsetx>
							<aligny>center</aligny>
							<align>center</align>
							<include>DialogButtonOther</include>
						</control>
						<control type="button" id="3013">
							<!-- <include>DialogButtonOther</include>  -->
							<label>$ADDON[service.upnext 30034]</label>
							<!-- <height>56</height> -->
							<width min="50">auto</width>
							<textoffsetx>15</textoffsetx>
							<aligny>center</aligny>
							<align>center</align>
							<include>DialogButtonOther</include>
						</control>
					</control>
					<control type="image">
						<top></top>
						<bottom>20</bottom>
						<width>46</width>
						<height>46</height>
						<aspect>keep</aspect>
						<texture colordiffuse="$VAR[NextUpFontColor]">special://home/addons/service.upnext/resources/skins/default/media/nextupicons/00.png</texture>
						<animation effect="slide" end="13,-5" time="0" condition="true">Conditional</animation>
					</control>
				</control>
			</control>
		</control>
	</controls>
</window>