<?xml version="1.0" encoding="UTF-8"?>
<includes>
	<include name="View_513_PosterRow">
	
		<control type="group">
			<visible>Control.IsVisible(513)</visible>
			<include>animation_view_change</include>
			
			<!-- movie details normal -->
			<control type="group" id="88882">
				<include>MovieDetailsTop</include>
                <top>-140</top>
                <visible>Control.IsVisible(513)</visible>
                <visible>Skin.String(View513_DisplayInfo,normal) | [Skin.String(View513_DisplayInfo,normal_delayed) + System.IdleTime(3)]</visible>
				<animation effect="slide" start="0,-1100" end="0" time="550" tween="cubic" easing="inout">Visible</animation>
			</control>
            
            <!-- movie details small -->
			<control type="group" id="88883">
				<include>MovieDetailsTop2</include>
                <visible>Control.IsVisible(513)</visible>
                <visible>Skin.String(View513_DisplayInfo,small) | [Skin.String(View513_DisplayInfo,small_delayed) + System.IdleTime(3)]</visible>
				<animation effect="slide" start="0,-350" end="0" time="350" tween="cubic" easing="inout">Visible</animation>
			</control>
				
			<control type="group">
				<animation type="Conditional" condition="Control.IsVisible(88882)">
					<effect type="slide" start="0,-0" end="0,250" time="550" tween="cubic" easing="inout" />
				</animation>
				<bottom>11%</bottom>
				<height>1000</height>
				<control type="group">
					<left>12</left>
					<top>30</top>
                    <visible>Integer.IsGreater(Container.NumItems,0)</visible>
					<control type="group" id="5801">
						<visible>Container(513).OnPrevious</visible>
						<animation effect="slide" end="0,0" time="200" reversible="false">Hidden</animation>
						<!-- Hide Far Right Thumb On Move Previous -->
						<control type="group">
							<left>1731</left>
							<top>498</top>
							<width>216</width>
							<height>506</height>
							<visible>Container(513).OnPrevious</visible>
							<animation type="Hidden" reversible="false">
								<effect type="fade" start="100" end="0" time="200" />
								<effect type="slide" end="48,0" time="200" />
							</animation>
							<control type="group">
								<visible>!String.IsEmpty(Container.ListItemNoWrap(9).FolderPath)</visible>
								<control type="image">
									<left>7</left>
									<top>4</top>
									<width>200</width>
									<height>282</height>
									<aspectratio scalediffuse="false">stretch</aspectratio>
									<texture background="true" diffuse="diffuse/poster.png" fallback="DefaultVideo.png">$VAR[ShowcaseItem9Var]</texture>
									<include condition="!Skin.HasSetting(EmbyCovertArtEnabled)">poster_shadow</include>
									<bordersize>20</bordersize>
									<fadetime>0</fadetime>
								</control>
								<control type="image">
									<left>187</left>
									<top>24</top>
									<width>100</width>
									<height>242</height>
									<texture flipx="true" border="1">diffuse/side_shadow.png</texture>
								</control>
								<control type="image">
									<left>27</left>
									<top>264</top>
									<width>160</width>
									<height>242</height>
									<aspectratio aligny="top" align="right" scalediffuse="false">stretch</aspectratio>
									<texture background="true" flipy="true" diffuse="diffuse/poster_reflect.png" fallback="DefaultVideo.png">$VAR[ShowcaseItem9Var]</texture>
									<fadetime>0</fadetime>
								</control>
								<control type="group">
									<left>158</left>
									<top>24</top>
									<width>30</width>
									<height>30</height>
									<include>WatchedIndicatorNormal9</include>
								</control>
							</control>
						</control>
						<!-- Move Panel 8 to 9-->
						<control type="group">
							<left>1617</left>
							<top>468</top>
							<width>260</width>
							<height>608</height>
							<visible>Container(513).OnPrevious</visible>
							<animation effect="zoom" start="1617,468,260,608" end="1731,498,216,506" time="200" reversible="false">Hidden</animation>
							<control type="group">
								<visible>!String.IsEmpty(Container.ListItemNoWrap(8).FolderPath)</visible>
								<control type="image">
									<left>13</left>
									<top>8</top>
									<width>234</width>
									<height>331</height>
									<aspectratio scalediffuse="false">stretch</aspectratio>
									<texture background="true" diffuse="diffuse/poster.png" fallback="DefaultVideo.png">$VAR[ShowcaseItem8Var]</texture>
									<include condition="!Skin.HasSetting(EmbyCovertArtEnabled)">poster_shadow</include>
									<bordersize>20</bordersize>
									<fadetime>0</fadetime>
								</control>
								<control type="image">
									<left>227</left>
									<top>54</top>
									<width>100</width>
									<height>243</height>
									<texture flipx="true" border="1">diffuse/side_shadow.png</texture>
								</control>
								<control type="image">
									<left>33</left>
									<top>318</top>
									<width>194</width>
									<height>290</height>
									<aspectratio aligny="top" align="right" scalediffuse="false">stretch</aspectratio>
									<texture background="true" flipy="true" diffuse="diffuse/poster_reflect.png" fallback="DefaultVideo.png">$VAR[ShowcaseItem8Var]</texture>
									<fadetime>0</fadetime>
								</control>
								<control type="group">
									<left>193</left>
									<top>28</top>
									<width>38</width>
									<height>38</height>
									<include>WatchedIndicatorNormal8</include>
								</control>
							</control>
						</control>
						<!-- Move Panel 7 to 8-->
						<control type="group">
							<left>1488</left>
							<top>436</top>
							<width>304</width>
							<height>711</height>
							<visible>Container(513).OnPrevious</visible>
							<animation effect="zoom" start="1488,436,304,711" end="1617,468,260,608" time="200" reversible="false">Hidden</animation>
							<control type="group">
								<visible>!String.IsEmpty(Container.ListItemNoWrap(7).FolderPath)</visible>
								<control type="image">
									<left>19</left>
									<top>13</top>
									<width>266</width>
									<height>380</height>
									<aspectratio scalediffuse="false">stretch</aspectratio>
									<texture background="true" diffuse="diffuse/poster.png" fallback="DefaultVideo.png">$VAR[ShowcaseItem7Var]</texture>
									<include condition="!Skin.HasSetting(EmbyCovertArtEnabled)">poster_shadow</include>
									<bordersize>20</bordersize>
									<fadetime>0</fadetime>
								</control>
								<control type="image">
									<left>265</left>
									<top>60</top>
									<width>100</width>
									<height>292</height>
									<texture flipx="true" border="1">diffuse/side_shadow.png</texture>
								</control>
								<control type="image">
									<left>39</left>
									<top>372</top>
									<width>226</width>
									<height>339</height>
									<aspectratio aligny="top" align="right" scalediffuse="false">stretch</aspectratio>
									<texture background="true" flipy="true" diffuse="diffuse/poster_reflect.png" fallback="DefaultVideo.png">$VAR[ShowcaseItem7Var]</texture>
									<fadetime>0</fadetime>
								</control>
								<control type="group">
									<left>224</left>
									<top>33</top>
									<width>45</width>
									<height>45</height>
									<include>WatchedIndicatorNormal7</include>
								</control>
							</control>
						</control>
						<!-- Move Panel 6 to 7-->
						<control type="group">
							<left>1335</left>
							<top>406</top>
							<width>348</width>
							<height>814</height>
							<visible>Container(513).OnPrevious</visible>
							<animation effect="zoom" start="1335,406,348,814" end="1488,436,304,711" time="200" reversible="false">Hidden</animation>
							<control type="group">
								<visible>!String.IsEmpty(Container.ListItemNoWrap(6).FolderPath)</visible>
								<control type="image">
									<left>25</left>
									<top>19</top>
									<width>300</width>
									<height>427</height>
									<aspectratio scalediffuse="false">stretch</aspectratio>
									<texture background="true" diffuse="diffuse/poster.png" fallback="DefaultVideo.png">$VAR[ShowcaseItem6Var]</texture>
									<include condition="!Skin.HasSetting(EmbyCovertArtEnabled)">poster_shadow</include>
									<bordersize>20</bordersize>
									<fadetime>0</fadetime>
								</control>
								<control type="image">
									<left>305</left>
									<top>63</top>
									<width>100</width>
									<height>341</height>
									<texture flipx="true" border="1">diffuse/side_shadow.png</texture>
								</control>
								<control type="image">
									<left>45</left>
									<top>426</top>
									<width>260</width>
									<height>387</height>
									<aspectratio aligny="top" align="right" scalediffuse="false">stretch</aspectratio>
									<texture background="true" flipy="true" diffuse="diffuse/poster_reflect.png" fallback="DefaultVideo.png">$VAR[ShowcaseItem6Var]</texture>
									<fadetime>0</fadetime>
								</control>
								<control type="group">
									<left>255</left>
									<top>39</top>
									<width>52</width>
									<height>52</height>
									<include>WatchedIndicatorNormal6</include>
								</control>
							</control>
						</control>
						<!-- Move Panel 5 to 6-->
						<control type="group">
							<left>1152</left>
							<top>375</top>
							<width>393</width>
							<height>918</height>
							<visible>Container(513).OnPrevious</visible>
							<animation effect="zoom" start="1152,375,393,918" end="1335,406,348,814" time="200" reversible="false">Hidden</animation>
							<control type="group">
								<visible>!String.IsEmpty(Container.ListItemNoWrap(5).FolderPath)</visible>
								<control type="image">
									<left>30</left>
									<top>24</top>
									<width>332</width>
									<height>478</height>
									<aspectratio scalediffuse="false">stretch</aspectratio>
									<texture background="true" diffuse="diffuse/poster.png" fallback="DefaultVideo.png">$VAR[ShowcaseItem5Var]</texture>
									<include condition="!Skin.HasSetting(EmbyCovertArtEnabled)">poster_shadow</include>
									<bordersize>20</bordersize>
									<fadetime>0</fadetime>
								</control>
								<control type="image">
									<left>342</left>
									<top>70</top>
									<width>100</width>
									<height>388</height>
									<texture flipx="true" border="1">diffuse/side_shadow.png</texture>
								</control>
								<control type="image">
									<left>50</left>
									<top>480</top>
									<width>292</width>
									<height>438</height>
									<aspectratio aligny="top" align="right" scalediffuse="false">stretch</aspectratio>
									<texture background="true" flipy="true" diffuse="diffuse/poster_reflect.png" fallback="DefaultVideo.png">$VAR[ShowcaseItem5Var]</texture>
									<fadetime>0</fadetime>
								</control>
								<control type="group">
									<left>285</left>
									<top>44</top>
									<width>60</width>
									<height>60</height>
									<include>WatchedIndicatorNormal5</include>
								</control>
							</control>
						</control>
						<!-- Move Panel 4 to 5-->
						<control type="group">
							<left>933</left>
							<top>339</top>
							<width>436</width>
							<height>1022</height>
							<visible>Container(513).OnPrevious</visible>
							<animation effect="zoom" start="933,339,436,1022" end="1152,375,393,918" time="200" reversible="false">Hidden</animation>
							<control type="group">
								<visible>!String.IsEmpty(Container.ListItemNoWrap(4).FolderPath)</visible>
								<control type="image">
									<left>36</left>
									<top>28</top>
									<width>366</width>
									<height>528</height>
									<aspectratio scalediffuse="false">stretch</aspectratio>
									<texture background="true" diffuse="diffuse/poster.png" fallback="DefaultVideo.png">$VAR[ShowcaseItem4Var]</texture>
									<include condition="!Skin.HasSetting(EmbyCovertArtEnabled)">poster_shadow</include>
									<bordersize>20</bordersize>
									<fadetime>0</fadetime>
								</control>
								<control type="image">
									<left>382</left>
									<top>78</top>
									<width>100</width>
									<height>442</height>
									<texture flipx="true" border="1">diffuse/side_shadow.png</texture>
								</control>
								<control type="image">
									<left>56</left>
									<top>534</top>
									<width>326</width>
									<height>488</height>
									<aspectratio aligny="top" align="right" scalediffuse="false">stretch</aspectratio>
									<texture background="true" flipy="true" diffuse="diffuse/poster_reflect.png" fallback="DefaultVideo.png">$VAR[ShowcaseItem4Var]</texture>
									<fadetime>0</fadetime>
								</control>
								<control type="group">
									<left>317</left>
									<top>48</top>
									<width>68</width>
									<height>68</height>
									<include>WatchedIndicatorNormal4</include>
								</control>
							</control>
						</control>
						<!-- Move Panel 3 to 4-->
						<control type="group">
							<left>669</left>
							<top>308</top>
							<width>482</width>
							<height>1125</height>
							<visible>Container(513).OnPrevious</visible>
							<animation effect="zoom" start="669,308,482,1125" end="933,339,436,1022" time="200" reversible="false">Hidden</animation>
							<control type="group">
								<visible>!String.IsEmpty(Container.ListItemNoWrap(3).FolderPath)</visible>
								<control type="image">
									<left>42</left>
									<top>32</top>
									<width>398</width>
									<height>577</height>
									<aspectratio scalediffuse="false">stretch</aspectratio>
									<texture background="true" diffuse="diffuse/poster.png" fallback="DefaultVideo.png">$VAR[ShowcaseItem3Var]</texture>
									<include condition="!Skin.HasSetting(EmbyCovertArtEnabled)">poster_shadow</include>
									<bordersize>20</bordersize>
									<fadetime>0</fadetime>
								</control>
								<control type="image">
									<left>420</left>
									<top>78</top>
									<width>100</width>
									<height>490</height>
									<texture flipx="true" border="1">diffuse/side_shadow.png</texture>
								</control>
								<control type="image">
									<left>62</left>
									<top>588</top>
									<width>358</width>
									<height>537</height>
									<aspectratio aligny="top" align="right" scalediffuse="false">stretch</aspectratio>
									<texture background="true" flipy="true" diffuse="diffuse/poster_reflect.png" fallback="DefaultVideo.png">$VAR[ShowcaseItem3Var]</texture>
									<fadetime>0</fadetime>
								</control>
								<control type="group">
									<left>349</left>
									<top>52</top>
									<width>75</width>
									<height>75</height>
									<include>WatchedIndicatorNormal3</include>
								</control>
							</control>
						</control>
						<!-- Move Panel 2 to 3-->
						<control type="group">
							<left>354</left>
							<top>278</top>
							<width>525</width>
							<height>1228</height>
							<visible>Container(513).OnPrevious</visible>
							<animation effect="zoom" start="354,278,525,1228" end="669,308,482,1125" time="200" reversible="false">Hidden</animation>
							<control type="group">
								<visible>!String.IsEmpty(Container.ListItemNoWrap(2).FolderPath)</visible>
								<control type="image">
									<left>48</left>
									<top>37</top>
									<width>432</width>
									<height>626</height>
									<aspectratio scalediffuse="false">stretch</aspectratio>
									<texture background="true" diffuse="diffuse/poster.png" fallback="DefaultVideo.png">$VAR[ShowcaseItem2Var]</texture>
									<include condition="!Skin.HasSetting(EmbyCovertArtEnabled)">poster_shadow</include>
									<bordersize>20</bordersize>
									<fadetime>0</fadetime>
								</control>
								<control type="image">
									<left>460</left>
									<top>82</top>
									<width>100</width>
									<height>538</height>
									<texture flipx="true" border="1">diffuse/side_shadow.png</texture>
								</control>
								<control type="image">
									<left>68</left>
									<top>642</top>
									<width>392</width>
									<height>586</height>
									<aspectratio aligny="top" align="right" scalediffuse="false">stretch</aspectratio>
									<texture background="true" flipy="true" diffuse="diffuse/poster_reflect.png" fallback="DefaultVideo.png">$VAR[ShowcaseItem2Var]</texture>
									<fadetime>0</fadetime>
								</control>
								<control type="group">
									<left>380</left>
									<top>57</top>
									<width>82</width>
									<height>82</height>
									<include>WatchedIndicatorNormal2</include>
								</control>
							</control>
						</control>
						<!-- Move Panel 1 to 2-->
						<control type="group">
							<left>-26</left>
							<top>246</top>
							<width>570</width>
							<height>1334</height>
							<visible>Container(513).OnPrevious</visible>
							<animation effect="zoom" start="-26,246,570,1334" end="354,278,525,1228" time="200" reversible="false">Hidden</animation>
							<control type="group">
								<visible>!String.IsEmpty(Container.ListItemNoWrap(1).FolderPath)</visible>
								<control type="image">
									<left>54</left>
									<top>42</top>
									<width>466</width>
									<height>676</height>
									<aspectratio scalediffuse="false">stretch</aspectratio>
									<texture background="true" diffuse="diffuse/poster.png" fallback="DefaultVideo.png">$VAR[ShowcaseItem1Var]</texture>
									<include condition="!Skin.HasSetting(EmbyCovertArtEnabled)">poster_shadow</include>
									<bordersize>20</bordersize>
									<fadetime>0</fadetime>
								</control>
								<control type="image">
									<left>500</left>
									<top>88</top>
									<width>100</width>
									<height>588</height>
									<texture flipx="true" border="1">diffuse/side_shadow.png</texture>
								</control>
								<control type="image">
									<left>74</left>
									<top>698</top>
									<width>426</width>
									<height>636</height>
									<aspectratio aligny="top" align="right" scalediffuse="false">stretch</aspectratio>
									<texture background="true" flipy="true" diffuse="diffuse/poster_reflect.png" fallback="DefaultVideo.png">$VAR[ShowcaseItem1Var]</texture>
									<fadetime>0</fadetime>
								</control>
								<control type="group">
									<left>413</left>
									<top>62</top>
									<width>90</width>
									<height>90</height>
									<include>WatchedIndicatorNormal1</include>
								</control>
							</control>
						</control>
						<!-- Show Far Left Thumb On Move Previous -->
						<control type="group">
							<left>-218</left>
							<top>246</top>
							<width>570</width>
							<height>1334</height>
							<visible>Container(513).OnPrevious</visible>
							<animation type="Hidden" reversible="false">
								<effect type="fade" end="100" time="200" />
								<effect type="slide" end="192,0" time="200" />
							</animation>
							<animation effect="fade" end="0" time="0" reversible="false">Visible</animation>
							<control type="group">
								<visible>!String.IsEmpty(Container.ListItemNoWrap(0).FolderPath)</visible>
								<control type="image">
									<left>54</left>
									<top>42</top>
									<width>466</width>
									<height>676</height>
									<aspectratio scalediffuse="false">stretch</aspectratio>
									<texture background="true" diffuse="diffuse/poster.png" fallback="DefaultVideo.png">$VAR[ShowcaseItem0Var]</texture>
									<include condition="!Skin.HasSetting(EmbyCovertArtEnabled)">poster_shadow</include>
									<bordersize>20</bordersize>
									<fadetime>0</fadetime>
								</control>
								<control type="image">
									<left>500</left>
									<top>88</top>
									<width>100</width>
									<height>588</height>
									<texture flipx="true" border="1">diffuse/side_shadow.png</texture>
								</control>
								<control type="image">
									<left>74</left>
									<top>698</top>
									<width>426</width>
									<height>636</height>
									<aspectratio aligny="top" align="right" scalediffuse="false">stretch</aspectratio>
									<texture background="true" flipy="true" diffuse="diffuse/poster_reflect.png" fallback="DefaultVideo.png">$VAR[ShowcaseItem0Var]</texture>
									<fadetime>0</fadetime>
								</control>
								<control type="group">
									<left>410</left>
									<top>62</top>
									<width>90</width>
									<height>90</height>
									<include>WatchedIndicatorNormal</include>
								</control>
							</control>
						</control>
					</control>
					<control type="group" id="5802">
						<visible>Container(513).OnNext</visible>
						<animation effect="slide" end="0,0" time="200" reversible="false">Hidden</animation>
						<!-- Show Far Right Thumb On Move Next -->
						<control type="group">
							<left>1731</left>
							<top>498</top>
							<width>216</width>
							<height>506</height>
							<visible>Container(513).OnNext</visible>
							<animation type="Hidden" reversible="false">
								<effect type="fade" end="100" time="200" />
								<effect type="slide" start="48,0" end="0,0" time="200" />
							</animation>
							<animation effect="fade" end="0" time="0" reversible="false">Visible</animation>
							<control type="group">
								<visible>!String.IsEmpty(Container.ListItemNoWrap(8).FolderPath)</visible>
								<control type="image">
									<left>7</left>
									<top>4</top>
									<width>200</width>
									<height>282</height>
									<aspectratio scalediffuse="false">stretch</aspectratio>
									<texture background="true" diffuse="diffuse/poster.png" fallback="DefaultVideo.png">$VAR[ShowcaseItem8Var]</texture>
									<include condition="!Skin.HasSetting(EmbyCovertArtEnabled)">poster_shadow</include>
									<bordersize>20</bordersize>
									<fadetime>0</fadetime>
								</control>
								<control type="image">
									<left>187</left>
									<top>24</top>
									<width>100</width>
									<height>242</height>
									<texture flipx="true" border="1">diffuse/side_shadow.png</texture>
								</control>
								<control type="image">
									<left>27</left>
									<top>264</top>
									<width>160</width>
									<height>242</height>
									<aspectratio aligny="top" align="right" scalediffuse="false">stretch</aspectratio>
									<texture background="true" flipy="true" diffuse="diffuse/poster_reflect.png" fallback="DefaultVideo.png">$VAR[ShowcaseItem8Var]</texture>
									<fadetime>0</fadetime>
								</control>
								<control type="group">
									<left>158</left>
									<top>24</top>
									<width>30</width>
									<height>30</height>
									<include>WatchedIndicatorNormal8</include>
								</control>
							</control>
						</control>
						<!-- Move Panel 9 to 8-->
						<control type="group">
							<left>1731</left>
							<top>498</top>
							<width>216</width>
							<height>506</height>
							<visible>Container(513).OnNext</visible>
							<animation effect="zoom" start="1731,498,216,506" end="1617,468,260,608" time="200" reversible="false">Hidden</animation>
							<control type="group">
								<visible>!String.IsEmpty(Container.ListItemNoWrap(7).FolderPath)</visible>
								<control type="image">
									<left>7</left>
									<top>4</top>
									<width>200</width>
									<height>282</height>
									<aspectratio scalediffuse="false">stretch</aspectratio>
									<texture background="true" diffuse="diffuse/poster.png" fallback="DefaultVideo.png">$VAR[ShowcaseItem7Var]</texture>
									<include condition="!Skin.HasSetting(EmbyCovertArtEnabled)">poster_shadow</include>
									<bordersize>20</bordersize>
									<fadetime>0</fadetime>
								</control>
								<control type="image">
									<left>187</left>
									<top>24</top>
									<width>100</width>
									<height>242</height>
									<texture flipx="true" border="1">diffuse/side_shadow.png</texture>
								</control>
								<control type="image">
									<left>27</left>
									<top>264</top>
									<width>160</width>
									<height>242</height>
									<aspectratio aligny="top" align="right" scalediffuse="false">stretch</aspectratio>
									<texture background="true" flipy="true" diffuse="diffuse/poster_reflect.png" fallback="DefaultVideo.png">$VAR[ShowcaseItem7Var]</texture>
									<fadetime>0</fadetime>
								</control>
								<control type="group">
									<left>155</left>
									<top>24</top>
									<width>30</width>
									<height>30</height>
									<include>WatchedIndicatorNormal7</include>
								</control>
							</control>
						</control>
						<!-- Move Panel 8 to 7-->
						<control type="group">
							<left>1617</left>
							<top>468</top>
							<width>260</width>
							<height>608</height>
							<visible>Container(513).OnNext</visible>
							<animation effect="zoom" start="1617,468,260,608" end="1488,436,304,711" time="200" reversible="false">Hidden</animation>
							<control type="group">
								<visible>!String.IsEmpty(Container.ListItemNoWrap(6).FolderPath)</visible>
								<control type="image">
									<left>13</left>
									<top>8</top>
									<width>234</width>
									<height>331</height>
									<aspectratio scalediffuse="false">stretch</aspectratio>
									<texture background="true" diffuse="diffuse/poster.png" fallback="DefaultVideo.png">$VAR[ShowcaseItem6Var]</texture>
									<include condition="!Skin.HasSetting(EmbyCovertArtEnabled)">poster_shadow</include>
									<bordersize>20</bordersize>
									<fadetime>0</fadetime>
								</control>
								<control type="image">
									<left>227</left>
									<top>54</top>
									<width>100</width>
									<height>243</height>
									<texture flipx="true" border="1">diffuse/side_shadow.png</texture>
								</control>
								<control type="image">
									<left>33</left>
									<top>318</top>
									<width>194</width>
									<height>290</height>
									<aspectratio aligny="top" align="right" scalediffuse="false">stretch</aspectratio>
									<texture background="true" flipy="true" diffuse="diffuse/poster_reflect.png" fallback="DefaultVideo.png">$VAR[ShowcaseItem6Var]</texture>
									<fadetime>0</fadetime>
								</control>
								<control type="group">
									<left>193</left>
									<top>28</top>
									<width>38</width>
									<height>38</height>
									<include>WatchedIndicatorNormal6</include>
								</control>
							</control>
						</control>
						<!-- Move Panel 7 to 6-->
						<control type="group">
							<left>1488</left>
							<top>436</top>
							<width>304</width>
							<height>711</height>
							<visible>Container(513).OnNext</visible>
							<animation effect="zoom" start="1488,436,304,711" end="1335,406,348,814" time="200" reversible="false">Hidden</animation>
							<control type="group">
								<visible>!String.IsEmpty(Container.ListItemNoWrap(5).FolderPath)</visible>
								<control type="image">
									<left>19</left>
									<top>13</top>
									<width>266</width>
									<height>380</height>
									<aspectratio scalediffuse="false">stretch</aspectratio>
									<texture background="true" diffuse="diffuse/poster.png" fallback="DefaultVideo.png">$VAR[ShowcaseItem5Var]</texture>
									<include condition="!Skin.HasSetting(EmbyCovertArtEnabled)">poster_shadow</include>
									<bordersize>20</bordersize>
									<fadetime>0</fadetime>
								</control>
								<control type="image">
									<left>265</left>
									<top>60</top>
									<width>100</width>
									<height>292</height>
									<texture flipx="true" border="1">diffuse/side_shadow.png</texture>
								</control>
								<control type="image">
									<left>39</left>
									<top>372</top>
									<width>226</width>
									<height>339</height>
									<aspectratio aligny="top" align="right" scalediffuse="false">stretch</aspectratio>
									<texture background="true" flipy="true" diffuse="diffuse/poster_reflect.png" fallback="DefaultVideo.png">$VAR[ShowcaseItem5Var]</texture>
									<fadetime>0</fadetime>
								</control>
								<control type="group">
									<left>224</left>
									<top>33</top>
									<width>45</width>
									<height>45</height>
									<include>WatchedIndicatorNormal5</include>
								</control>
							</control>
						</control>
						<!-- Move Panel 6 to 5-->
						<control type="group">
							<left>1335</left>
							<top>406</top>
							<width>348</width>
							<height>814</height>
							<visible>Container(513).OnNext</visible>
							<animation effect="zoom" start="1335,406,348,814" end="1152,375,393,918" time="200" reversible="false">Hidden</animation>
							<control type="group">
								<visible>!String.IsEmpty(Container.ListItemNoWrap(4).FolderPath)</visible>
								<control type="image">
									<left>25</left>
									<top>19</top>
									<width>300</width>
									<height>427</height>
									<aspectratio scalediffuse="false">stretch</aspectratio>
									<texture background="true" diffuse="diffuse/poster.png" fallback="DefaultVideo.png">$VAR[ShowcaseItem4Var]</texture>
									<include condition="!Skin.HasSetting(EmbyCovertArtEnabled)">poster_shadow</include>
									<bordersize>20</bordersize>
									<fadetime>0</fadetime>
								</control>
								<control type="image">
									<left>305</left>
									<top>63</top>
									<width>100</width>
									<height>341</height>
									<texture flipx="true" border="1">diffuse/side_shadow.png</texture>
								</control>
								<control type="image">
									<left>45</left>
									<top>426</top>
									<width>260</width>
									<height>387</height>
									<aspectratio aligny="top" align="right" scalediffuse="false">stretch</aspectratio>
									<texture background="true" flipy="true" diffuse="diffuse/poster_reflect.png" fallback="DefaultVideo.png">$VAR[ShowcaseItem4Var]</texture>
									<fadetime>0</fadetime>
								</control>
								<control type="group">
									<left>255</left>
									<top>39</top>
									<width>52</width>
									<height>52</height>
									<include>WatchedIndicatorNormal4</include>
								</control>
							</control>
						</control>
						<!-- Move Panel 5 to 4-->
						<control type="group">
							<left>1152</left>
							<top>375</top>
							<width>393</width>
							<height>918</height>
							<visible>Container(513).OnNext</visible>
							<animation effect="zoom" start="1152,375,393,918" end="933,339,436,1022" time="200" reversible="false">Hidden</animation>
							<control type="group">
								<visible>!String.IsEmpty(Container.ListItemNoWrap(3).FolderPath)</visible>
								<control type="image">
									<left>30</left>
									<top>24</top>
									<width>332</width>
									<height>478</height>
									<aspectratio scalediffuse="false">stretch</aspectratio>
									<texture background="true" diffuse="diffuse/poster.png" fallback="DefaultVideo.png">$VAR[ShowcaseItem3Var]</texture>
									<include condition="!Skin.HasSetting(EmbyCovertArtEnabled)">poster_shadow</include>
									<bordersize>20</bordersize>
									<fadetime>0</fadetime>
								</control>
								<control type="image">
									<left>342</left>
									<top>70</top>
									<width>100</width>
									<height>388</height>
									<texture flipx="true" border="1">diffuse/side_shadow.png</texture>
								</control>
								<control type="image">
									<left>50</left>
									<top>480</top>
									<width>292</width>
									<height>438</height>
									<aspectratio aligny="top" align="right" scalediffuse="false">stretch</aspectratio>
									<texture background="true" flipy="true" diffuse="diffuse/poster_reflect.png" fallback="DefaultVideo.png">$VAR[ShowcaseItem3Var]</texture>
									<fadetime>0</fadetime>
								</control>
								<control type="group">
									<left>285</left>
									<top>44</top>
									<width>60</width>
									<height>60</height>
									<include>WatchedIndicatorNormal3</include>
								</control>
							</control>
						</control>
						<!-- Move Panel 4 to 3-->
						<control type="group">
							<left>933</left>
							<top>339</top>
							<width>436</width>
							<height>1022</height>
							<visible>Container(513).OnNext</visible>
							<animation effect="zoom" start="933,339,436,1022" end="669,308,482,1125" time="200" reversible="false">Hidden</animation>
							<control type="group">
								<visible>!String.IsEmpty(Container.ListItemNoWrap(2).FolderPath)</visible>
								<control type="image">
									<left>36</left>
									<top>28</top>
									<width>366</width>
									<height>528</height>
									<aspectratio scalediffuse="false">stretch</aspectratio>
									<texture background="true" diffuse="diffuse/poster.png" fallback="DefaultVideo.png">$VAR[ShowcaseItem2Var]</texture>
									<include condition="!Skin.HasSetting(EmbyCovertArtEnabled)">poster_shadow</include>
									<bordersize>20</bordersize>
									<fadetime>0</fadetime>
								</control>
								<control type="image">
									<left>382</left>
									<top>78</top>
									<width>100</width>
									<height>442</height>
									<texture flipx="true" border="1">diffuse/side_shadow.png</texture>
								</control>
								<control type="image">
									<left>56</left>
									<top>534</top>
									<width>326</width>
									<height>488</height>
									<aspectratio aligny="top" align="right" scalediffuse="false">stretch</aspectratio>
									<texture background="true" flipy="true" diffuse="diffuse/poster_reflect.png" fallback="DefaultVideo.png">$VAR[ShowcaseItem2Var]</texture>
									<fadetime>0</fadetime>
								</control>
								<control type="group">
									<left>317</left>
									<top>48</top>
									<width>68</width>
									<height>68</height>
									<include>WatchedIndicatorNormal2</include>
								</control>
							</control>
						</control>
						<!-- Move Panel 3 to 2-->
						<control type="group">
							<left>669</left>
							<top>308</top>
							<width>482</width>
							<height>1125</height>
							<visible>Container(513).OnNext</visible>
							<animation effect="zoom" start="669,308,482,1125" end="354,278,525,1228" time="200" reversible="false">Hidden</animation>
							<control type="group">
								<visible>!String.IsEmpty(Container.ListItemNoWrap(1).FolderPath)</visible>
								<control type="image">
									<left>42</left>
									<top>32</top>
									<width>398</width>
									<height>577</height>
									<aspectratio scalediffuse="false">stretch</aspectratio>
									<texture background="true" diffuse="diffuse/poster.png" fallback="DefaultVideo.png">$VAR[ShowcaseItem1Var]</texture>
									<include condition="!Skin.HasSetting(EmbyCovertArtEnabled)">poster_shadow</include>
									<bordersize>20</bordersize>
									<fadetime>0</fadetime>
								</control>
								<control type="image">
									<left>420</left>
									<top>78</top>
									<width>100</width>
									<height>490</height>
									<texture flipx="true" border="1">diffuse/side_shadow.png</texture>
								</control>
								<control type="image">
									<left>62</left>
									<top>588</top>
									<width>358</width>
									<height>537</height>
									<aspectratio aligny="top" align="right" scalediffuse="false">stretch</aspectratio>
									<texture background="true" flipy="true" diffuse="diffuse/poster_reflect.png" fallback="DefaultVideo.png">$VAR[ShowcaseItem1Var]</texture>
									<fadetime>0</fadetime>
								</control>
								<control type="group">
									<left>349</left>
									<top>52</top>
									<width>75</width>
									<height>75</height>
									<include>WatchedIndicatorNormal1</include>
								</control>
							</control>
						</control>
						<!-- Move Panel 2 to 1-->
						<control type="group">
							<left>354</left>
							<top>278</top>
							<width>525</width>
							<height>1228</height>
							<visible>Container(513).OnNext</visible>
							<animation effect="zoom" start="354,278,525,1228" end="-26,246,570,1334" time="200" reversible="false">Hidden</animation>
							<control type="group">
								<visible>!String.IsEmpty(Container.ListItemNoWrap(0).FolderPath)</visible>
								<control type="image">
									<left>48</left>
									<top>37</top>
									<width>432</width>
									<height>626</height>
									<aspectratio scalediffuse="false">stretch</aspectratio>
									<texture background="true" diffuse="diffuse/poster.png" fallback="DefaultVideo.png">$VAR[ShowcaseItem0Var]</texture>
									<include condition="!Skin.HasSetting(EmbyCovertArtEnabled)">poster_shadow</include>
									<bordersize>20</bordersize>
									<fadetime>0</fadetime>
								</control>
								<control type="image">
									<left>460</left>
									<top>82</top>
									<width>100</width>
									<height>538</height>
									<texture flipx="true" border="1">diffuse/side_shadow.png</texture>
								</control>
								<control type="image">
									<left>68</left>
									<top>642</top>
									<width>392</width>
									<height>586</height>
									<aspectratio aligny="top" align="right" scalediffuse="false">stretch</aspectratio>
									<texture background="true" flipy="true" diffuse="diffuse/poster_reflect.png" fallback="DefaultVideo.png">$VAR[ShowcaseItem0Var]</texture>
									<fadetime>0</fadetime>
								</control>
								<control type="group">
									<left>380</left>
									<top>57</top>
									<width>82</width>
									<height>82</height>
									<include>WatchedIndicatorNormal</include>
								</control>
							</control>
						</control>
						<!-- Hide Far Left Thumb On Move Next -->
						<control type="group">
							<left>16</left>
							<top>308</top>
							<width>484</width>
							<height>1272</height>
							<visible>Container(513).OnNext</visible>
							<animation type="Hidden" reversible="false">
								<effect type="fade" start="100" end="0" time="200" />
								<effect type="slide" end="-192,0" time="200" />
							</animation>
							<control type="group">
								<visible>!String.IsEmpty(Container.ListItemNoWrap(-1).FolderPath)</visible>
								<control type="image">
									<left>0</left>
									<top>-20</top>
									<width>466</width>
									<height>676</height>
									<aspectratio scalediffuse="false">stretch</aspectratio>
									<texture background="true" diffuse="diffuse/poster.png" fallback="DefaultVideo.png">$VAR[ShowcaseItem-1Var]</texture>
									<include condition="!Skin.HasSetting(EmbyCovertArtEnabled)">poster_shadow</include>
									<bordersize>20</bordersize>
									<fadetime>0</fadetime>
								</control>
								<!--<control type="image">
									<left>500</left>
									<top>88</top>
									<width>100</width>
									<height>588</height>
									<texture flipx="true" border="1">diffuse/side_shadow.png</texture>
								</control>-->
								<control type="image">
									<left>30</left>
									<top>636</top>
									<width>426</width>
									<height>636</height>
									<aspectratio aligny="top" align="right" scalediffuse="false">stretch</aspectratio>
									<texture background="true" flipy="true" diffuse="diffuse/poster_reflect.png" fallback="DefaultVideo.png">$VAR[ShowcaseItem-1Var]</texture>
									<fadetime>0</fadetime>
								</control>
								<control type="group">
									<left>369</left>
									<width>90</width>
									<height>90</height>
									<include>WatchedIndicatorNormal-1</include>
								</control>
							</control>
						</control>
					</control>
					<!-- Static Panels -->
					<control type="group" id="5800">
						<visible>!Control.IsVisible(5801) + !Control.IsVisible(5802)</visible>
						<!-- Panel 9 -->
						<control type="group">
							<left>1731</left>
							<top>498</top>
							<width>216</width>
							<height>506</height>
							<control type="group">
								<visible>!String.IsEmpty(Container.ListItemNoWrap(8).FolderPath)</visible>
								<control type="image">
									<left>7</left>
									<top>4</top>
									<width>200</width>
									<height>282</height>
									<aspectratio scalediffuse="false">stretch</aspectratio>
									<texture background="true" diffuse="diffuse/poster.png" fallback="DefaultVideo.png">$VAR[ShowcaseItem8Var]</texture>
									<include condition="!Skin.HasSetting(EmbyCovertArtEnabled)">poster_shadow</include>
									<bordersize>20</bordersize>
									<fadetime>0</fadetime>
								</control>
								<control type="image">
									<left>187</left>
									<top>24</top>
									<width>100</width>
									<height>242</height>
									<texture flipx="true" border="1">diffuse/side_shadow.png</texture>
								</control>
								<control type="image">
									<left>27</left>
									<top>264</top>
									<width>160</width>
									<height>242</height>
									<aspectratio aligny="top" align="right" scalediffuse="false">stretch</aspectratio>
									<texture background="true" flipy="true" diffuse="diffuse/poster_reflect.png" fallback="DefaultVideo.png">$VAR[ShowcaseItem8Var]</texture>
									<fadetime>0</fadetime>
								</control>
								<control type="group">
									<left>156</left>
									<top>24</top>
									<width>30</width>
									<height>30</height>
									<include>WatchedIndicatorNormal8</include>
								</control>
							</control>
						</control>
						<!-- Panel 8 -->
						<control type="group">
							<left>1617</left>
							<top>468</top>
							<width>260</width>
							<height>608</height>
							<control type="group">
								<visible>!String.IsEmpty(Container.ListItemNoWrap(7).FolderPath)</visible>
								<control type="image">
									<left>13</left>
									<top>8</top>
									<width>234</width>
									<height>331</height>
									<aspectratio scalediffuse="false">stretch</aspectratio>
									<texture background="true" diffuse="diffuse/poster.png" fallback="DefaultVideo.png">$VAR[ShowcaseItem7Var]</texture>
									<include condition="!Skin.HasSetting(EmbyCovertArtEnabled)">poster_shadow</include>
									<bordersize>20</bordersize>
									<fadetime>0</fadetime>
								</control>
								<control type="image">
									<left>227</left>
									<top>54</top>
									<width>100</width>
									<height>243</height>
									<texture flipx="true" border="1">diffuse/side_shadow.png</texture>
								</control>
								<control type="image">
									<left>33</left>
									<top>318</top>
									<width>194</width>
									<height>290</height>
									<aspectratio aligny="top" align="right" scalediffuse="false">stretch</aspectratio>
									<texture background="true" flipy="true" diffuse="diffuse/poster_reflect.png" fallback="DefaultVideo.png">$VAR[ShowcaseItem7Var]</texture>
									<fadetime>0</fadetime>
								</control>
								<control type="group">
									<left>191</left>
									<top>28</top>
									<width>38</width>
									<height>38</height>
									<include>WatchedIndicatorNormal7</include>
								</control>
							</control>
						</control>
						<!-- Panel 7 -->
						<control type="group">
							<left>1488</left>
							<top>436</top>
							<width>304</width>
							<height>711</height>
							<control type="group">
								<visible>!String.IsEmpty(Container.ListItemNoWrap(6).FolderPath)</visible>
								<control type="image">
									<left>19</left>
									<top>13</top>
									<width>266</width>
									<height>380</height>
									<aspectratio scalediffuse="false">stretch</aspectratio>
									<texture background="true" diffuse="diffuse/poster.png" fallback="DefaultVideo.png">$VAR[ShowcaseItem6Var]</texture>
									<include condition="!Skin.HasSetting(EmbyCovertArtEnabled)">poster_shadow</include>
									<bordersize>20</bordersize>
									<fadetime>0</fadetime>
								</control>
								<control type="image">
									<left>265</left>
									<top>60</top>
									<width>100</width>
									<height>292</height>
									<texture flipx="true" border="1">diffuse/side_shadow.png</texture>
								</control>
								<control type="image">
									<left>39</left>
									<top>372</top>
									<width>226</width>
									<height>339</height>
									<aspectratio aligny="top" align="right" scalediffuse="false">stretch</aspectratio>
									<texture background="true" flipy="true" diffuse="diffuse/poster_reflect.png" fallback="DefaultVideo.png">$VAR[ShowcaseItem6Var]</texture>
									<fadetime>0</fadetime>
								</control>
								<control type="group">
									<left>222</left>
									<top>33</top>
									<width>45</width>
									<height>45</height>
									<include>WatchedIndicatorNormal6</include>
								</control>
							</control>
						</control>
						<!-- Panel 6 -->
						<control type="group">
							<left>1335</left>
							<top>406</top>
							<width>348</width>
							<height>814</height>
							<control type="group">
								<visible>!String.IsEmpty(Container.ListItemNoWrap(5).FolderPath)</visible>
								<control type="image">
									<left>25</left>
									<top>19</top>
									<width>300</width>
									<height>427</height>
									<aspectratio scalediffuse="false">stretch</aspectratio>
									<texture background="true" diffuse="diffuse/poster.png" fallback="DefaultVideo.png">$VAR[ShowcaseItem5Var]</texture>
									<include condition="!Skin.HasSetting(EmbyCovertArtEnabled)">poster_shadow</include>
									<bordersize>20</bordersize>
									<fadetime>0</fadetime>
								</control>
								<control type="image">
									<left>305</left>
									<top>63</top>
									<width>100</width>
									<height>341</height>
									<texture flipx="true" border="1">diffuse/side_shadow.png</texture>
								</control>
								<control type="image">
									<left>45</left>
									<top>426</top>
									<width>260</width>
									<height>387</height>
									<aspectratio aligny="top" align="right" scalediffuse="false">stretch</aspectratio>
									<texture background="true" flipy="true" diffuse="diffuse/poster_reflect.png" fallback="DefaultVideo.png">$VAR[ShowcaseItem5Var]</texture>
									<fadetime>0</fadetime>
								</control>
								<control type="group">
									<left>253</left>
									<top>39</top>
									<width>52</width>
									<height>52</height>
									<include>WatchedIndicatorNormal5</include>
								</control>
							</control>
						</control>
						<!-- Panel 5 -->
						<control type="group">
							<left>1152</left>
							<top>375</top>
							<width>393</width>
							<height>918</height>
							<control type="group">
								<visible>!String.IsEmpty(Container.ListItemNoWrap(4).FolderPath)</visible>
								<control type="image">
									<left>30</left>
									<top>24</top>
									<width>332</width>
									<height>478</height>
									<aspectratio scalediffuse="false">stretch</aspectratio>
									<texture background="true" diffuse="diffuse/poster.png" fallback="DefaultVideo.png">$VAR[ShowcaseItem4Var]</texture>
									<include condition="!Skin.HasSetting(EmbyCovertArtEnabled)">poster_shadow</include>
									<bordersize>20</bordersize>
									<fadetime>0</fadetime>
								</control>
								<control type="image">
									<left>342</left>
									<top>70</top>
									<width>100</width>
									<height>388</height>
									<texture flipx="true" border="1">diffuse/side_shadow.png</texture>
								</control>
								<control type="image">
									<left>50</left>
									<top>480</top>
									<width>292</width>
									<height>438</height>
									<aspectratio aligny="top" align="right" scalediffuse="false">stretch</aspectratio>
									<texture background="true" flipy="true" diffuse="diffuse/poster_reflect.png" fallback="DefaultVideo.png">$VAR[ShowcaseItem4Var]</texture>
									<fadetime>0</fadetime>
								</control>
								<control type="group">
									<left>283</left>
									<top>44</top>
									<width>60</width>
									<height>60</height>
									<include>WatchedIndicatorNormal4</include>
								</control>
							</control>
						</control>
						<!-- Panel 4 -->
						<control type="group">
							<left>933</left>
							<top>339</top>
							<width>436</width>
							<height>1022</height>
							<control type="group">
								<visible>!String.IsEmpty(Container.ListItemNoWrap(3).FolderPath)</visible>
								<control type="image">
									<left>36</left>
									<top>28</top>
									<width>366</width>
									<height>528</height>
									<aspectratio scalediffuse="false">stretch</aspectratio>
									<texture background="true" diffuse="diffuse/poster.png" fallback="DefaultVideo.png">$VAR[ShowcaseItem3Var]</texture>
									<include condition="!Skin.HasSetting(EmbyCovertArtEnabled)">poster_shadow</include>
									<bordersize>20</bordersize>
									<fadetime>0</fadetime>
								</control>
								<control type="image">
									<left>382</left>
									<top>78</top>
									<width>100</width>
									<height>442</height>
									<texture flipx="true" border="1">diffuse/side_shadow.png</texture>
								</control>
								<control type="image">
									<left>56</left>
									<top>534</top>
									<width>326</width>
									<height>488</height>
									<aspectratio aligny="top" align="right" scalediffuse="false">stretch</aspectratio>
									<texture background="true" flipy="true" diffuse="diffuse/poster_reflect.png" fallback="DefaultVideo.png">$VAR[ShowcaseItem3Var]</texture>
									<fadetime>0</fadetime>
								</control>
								<control type="group">
									<left>315</left>
									<top>48</top>
									<width>68</width>
									<height>68</height>
									<include>WatchedIndicatorNormal3</include>
								</control>
							</control>
						</control>
						<!-- Panel 3 -->
						<control type="group">
							<left>669</left>
							<top>308</top>
							<width>482</width>
							<height>1125</height>
							<control type="group">
								<visible>!String.IsEmpty(Container.ListItemNoWrap(2).FolderPath)</visible>
								<control type="image">
									<left>42</left>
									<top>32</top>
									<width>398</width>
									<height>577</height>
									<aspectratio scalediffuse="false">stretch</aspectratio>
									<texture background="true" diffuse="diffuse/poster.png" fallback="DefaultVideo.png">$VAR[ShowcaseItem2Var]</texture>
									<include condition="!Skin.HasSetting(EmbyCovertArtEnabled)">poster_shadow</include>
									<bordersize>20</bordersize>
									<fadetime>0</fadetime>
								</control>
								<control type="image">
									<left>420</left>
									<top>78</top>
									<width>100</width>
									<height>490</height>
									<texture flipx="true" border="1">diffuse/side_shadow.png</texture>
								</control>
								<control type="image">
									<left>62</left>
									<top>588</top>
									<width>358</width>
									<height>537</height>
									<aspectratio aligny="top" align="right" scalediffuse="false">stretch</aspectratio>
									<texture background="true" flipy="true" diffuse="diffuse/poster_reflect.png" fallback="DefaultVideo.png">$VAR[ShowcaseItem2Var]</texture>
									<fadetime>0</fadetime>
								</control>
								<control type="group">
									<left>347</left>
									<top>52</top>
									<width>75</width>
									<height>75</height>
									<include>WatchedIndicatorNormal2</include>
								</control>
							</control>
						</control>
						<!-- Panel 2 -->
						<control type="group">
							<left>354</left>
							<top>278</top>
							<width>525</width>
							<height>1228</height>
							<control type="group">
								<visible>!String.IsEmpty(Container.ListItemNoWrap(1).FolderPath)</visible>
								<control type="image">
									<left>48</left>
									<top>37</top>
									<width>432</width>
									<height>626</height>
									<aspectratio scalediffuse="false">stretch</aspectratio>
									<texture background="true" diffuse="diffuse/poster.png" fallback="DefaultVideo.png">$VAR[ShowcaseItem1Var]</texture>
									<include condition="!Skin.HasSetting(EmbyCovertArtEnabled)">poster_shadow</include>
									<bordersize>20</bordersize>
									<fadetime>0</fadetime>
								</control>
								<control type="image">
									<left>460</left>
									<top>82</top>
									<width>100</width>
									<height>538</height>
									<texture flipx="true" border="1">diffuse/side_shadow.png</texture>
								</control>
								<control type="image">
									<left>68</left>
									<top>642</top>
									<width>392</width>
									<height>586</height>
									<aspectratio aligny="top" align="right" scalediffuse="false">stretch</aspectratio>
									<texture background="true" flipy="true" diffuse="diffuse/poster_reflect.png" fallback="DefaultVideo.png">$VAR[ShowcaseItem1Var]</texture>
									<fadetime>0</fadetime>
								</control>
								<control type="group">
									<left>378</left>
									<top>57</top>
									<width>82</width>
									<height>82</height>
									<include>WatchedIndicatorNormal1</include>
								</control>
							</control>
						</control>
						<!-- Panel 1 -->
						<control type="group">
							<left>-26</left>
							<top>246</top>
							<width>570</width>
							<height>1334</height>
							<control type="group">
								<visible>!String.IsEmpty(Container.ListItemNoWrap(0).FolderPath)</visible>
								
								<control type="image">
									<!--cdart image-->
									<width>420</width>
									<height>420</height>
									<left>80</left>
									<top>-100</top>
									<texture background="true" diffuse="diffuse/cdmask_new.png" fallback="defaultcovers/cd_big.png">$VAR[DiscArtImage]</texture>
                                    <aspectratio scalediffuse="false" align="center" aligny="center">scale</aspectratio>
                                    <animation effect="slide" start="0,200" end="0" tween="cubic" easing="inout" time="1200" delay="800">Visible</animation>
                                    <animation effect="fade" start="0" end="100" delay="800" time="800" pulse="false">Visible</animation>
                                    <animation effect="rotate" end="-360" center="auto" time="20000" loop="true" reversible="false" condition="Skin.HasSetting(AnimateDiscArt)">Conditional</animation>
									<visible>Skin.HasSetting(View513_ShowCDart) + !Control.IsVisible(88882) + !Control.IsVisible(88883) + ![String.StartsWith(ListItem.Art(thumb),Default) | String.IsEmpty(ListItem.Art(thumb))]  + !Container(513).IsScrolling + !Container(513).OnScrollNext + !Container(513).OnScrollPrevious</visible>
								</control>
								
								<control type="image">
									<left>54</left>
									<top>42</top>
									<width>466</width>
									<height>676</height>
									<aspectratio scalediffuse="false">stretch</aspectratio>
									<texture background="true" diffuse="diffuse/poster.png" fallback="DefaultVideo.png">$VAR[ShowcaseItem0Var]</texture>
									<include condition="!Skin.HasSetting(EmbyCovertArtEnabled)">poster_shadow</include>
									<bordersize>20</bordersize>
									<fadetime>0</fadetime>
								</control>
								<control type="image">
									<left>500</left>
									<top>88</top>
									<width>100</width>
									<height>588</height>
									<texture flipx="true" border="1">diffuse/side_shadow.png</texture>
								</control>
								<control type="image">
									<left>74</left>
									<top>698</top>
									<width>426</width>
									<height>636</height>
									<aspectratio aligny="top" align="right" scalediffuse="false">stretch</aspectratio>
									<texture background="true" flipy="true" diffuse="diffuse/poster_reflect.png" fallback="DefaultVideo.png">$VAR[ShowcaseItem0Var]</texture>
									<fadetime>0</fadetime>
								</control>
								<control type="group">
									<left>410</left>
									<top>62</top>
									<width>90</width>
									<height>90</height>
									<include>WatchedIndicatorNormal</include>
								</control>
							</control>
						</control>
					</control>
				</control>
				<control type="fixedlist" id="513">
					<left>10</left>
					<top>460</top>
					<width>1890</width>
					<height>560</height>
					<onup>9000</onup>
					<ondown condition="Skin.HasSetting(EnableQuickJump)">7000</ondown>
                <ondown condition="!Skin.HasSetting(EnableQuickJump)">60</ondown>
					<orientation>horizontal</orientation>
					<viewtype label="31440">bigwrap</viewtype>
					<pagecontrol>60</pagecontrol>
					<focusposition>1</focusposition>
					<preloaditems>2</preloaditems>
					<visible>String.IsEqual(Window(Home).Property(SkinHelper.ForcedView),513) | String.IsEmpty(Window(Home).Property(SkinHelper.ForcedView))</visible>
					<itemlayout width="210" height="750" />
					<focusedlayout width="210" height="750">
						
					</focusedlayout>
				</control>
			
            </control>
			
            <!--horizontal Scrollbar-->
			<control type="scrollbar" id="60">
                <visible>Control.IsVisible(513) + Integer.IsGreater(Container.NumItems,0)</visible>
				<top></top>
				<left>60</left>
                <bottom>11%</bottom>
                <width>1800</width>
                <height>15</height>
                <onup>513</onup>
                <onleft>60</onleft>
                <onright>60</onright>
                <orientation>horizontal</orientation>
                <animation effect="fade" start="0" end="100" time="400" condition="[Control.HasFocus(60) | Skin.HasSetting(EnableTouchSupport) | Container.Scrolling | Skin.HasSetting(alwaysShowScrollbars)] + !Control.IsVisible(6002)">Conditional</animation>
                <animation effect="fade" start="100" end="0" time="400" condition="![Control.HasFocus(60) | Skin.HasSetting(EnableTouchSupport) | Container.Scrolling | Skin.HasSetting(alwaysShowScrollbars)] | Control.IsVisible(6002)">Conditional</animation>
            </control>
            
		</control>
	</include>
	

	<variable name="ShowcaseItem-7Var">
        <value condition="Skin.HasSetting(SkinHelper.EnableAnimatedPosters)  + !Skin.HasSetting(AnimatedPostersDisableList) + !String.IsEmpty(Container.ListItem(-7).Art(animatedposter))">$INFO[Container.ListItem(-7).Art(animatedposter)]</value>
		<value condition="ListItem(-7).IsCollection + String.Contains(ListItem(-7).Art(poster),emby)">$INFO[ListItem(-7).Art(poster)]&amp;EnableImageEnhancers=false</value>
        <value condition="!String.IsEmpty(Container.ListItem(-7).Art(poster))">$INFO[Container.ListItem(-7).Art(poster)]</value>
		<value condition="[Container.Content(genres) | String.IsEqual(ListItem.DBTYPE,genre)]">$INFO[Container.ListItem(-7).Label,special://skin/extras/moviegenres/,.jpg]</value>
		<value>$INFO[Container.ListItem(-7).Icon]</value>
	</variable>
	<variable name="ShowcaseItem-6Var">
        <value condition="Skin.HasSetting(SkinHelper.EnableAnimatedPosters)  + !Skin.HasSetting(AnimatedPostersDisableList) + !String.IsEmpty(Container.ListItem(-6).Art(animatedposter))">$INFO[Container.ListItem(-6).Art(animatedposter)]</value>
		<value condition="ListItem(-6).IsCollection + String.Contains(ListItem(-6).Art(poster),emby)">$INFO[ListItem(-6).Art(poster)]&amp;EnableImageEnhancers=false</value>
        <value condition="!String.IsEmpty(Container.ListItem(-6).Art(poster))">$INFO[Container.ListItem(-6).Art(poster)]</value>
		<value condition="[Container.Content(genres) | String.IsEqual(ListItem.DBTYPE,genre)]">$INFO[Container.ListItem(-6).Label,special://skin/extras/moviegenres/,.jpg]</value>
		<value>$INFO[Container.ListItem(-6).Icon]</value>
	</variable>
	<variable name="ShowcaseItem-5Var">
        <value condition="Skin.HasSetting(SkinHelper.EnableAnimatedPosters)  + !Skin.HasSetting(AnimatedPostersDisableList) + !String.IsEmpty(Container.ListItem(-5).Art(animatedposter))">$INFO[Container.ListItem(-5).Art(animatedposter)]</value>
		<value condition="ListItem(-5).IsCollection + String.Contains(ListItem(-5).Art(poster),emby)">$INFO[ListItem(-5).Art(poster)]&amp;EnableImageEnhancers=false</value>
        <value condition="!String.IsEmpty(ListItem(-5).Art(poster))">$INFO[ListItem(-5).Art(poster)]</value>
		<value condition="[Container.Content(genres) | String.IsEqual(ListItem.DBTYPE,genre)]">$INFO[ListItem(-5).Label,special://skin/extras/moviegenres/,.jpg]</value>
		<value>$INFO[ListItem(-5).Icon]</value>
	</variable>
	<variable name="ShowcaseItem-4Var">
        <value condition="Skin.HasSetting(SkinHelper.EnableAnimatedPosters)  + !Skin.HasSetting(AnimatedPostersDisableList) + !String.IsEmpty(Container.ListItem(-4).Art(animatedposter))">$INFO[Container.ListItem(-4).Art(animatedposter)]</value>
		<value condition="ListItem(-4).IsCollection + String.Contains(ListItem(-4).Art(poster),emby)">$INFO[ListItem(-4).Art(poster)]&amp;EnableImageEnhancers=false</value>
        <value condition="!String.IsEmpty(ListItem(-4).Art(poster))">$INFO[ListItem(-4).Art(poster)]</value>
		<value condition="[Container.Content(genres) | String.IsEqual(ListItem.DBTYPE,genre)]">$INFO[ListItem(-4).Label,special://skin/extras/moviegenres/,.jpg]</value>
		<value>$INFO[ListItem(-4).Icon]</value>
	</variable>
	<variable name="ShowcaseItem-3Var">
        <value condition="Skin.HasSetting(SkinHelper.EnableAnimatedPosters)  + !Skin.HasSetting(AnimatedPostersDisableList) + !String.IsEmpty(Container.ListItem(-3).Art(animatedposter))">$INFO[Container.ListItem(-3).Art(animatedposter)]</value>
		<value condition="ListItem(-3).IsCollection + String.Contains(ListItem(-3).Art(poster),emby)">$INFO[ListItem(-3).Art(poster)]&amp;EnableImageEnhancers=false</value>
        <value condition="!String.IsEmpty(ListItem(-3).Art(poster))">$INFO[ListItem(-3).Art(poster)]</value>
		<value condition="[Container.Content(genres) | String.IsEqual(ListItem.DBTYPE,genre)]">$INFO[ListItem(-3).Label,special://skin/extras/moviegenres/,.jpg]</value>
		<value>$INFO[ListItem(-3).Icon]</value>
	</variable>
	<variable name="ShowcaseItem-2Var">
        <value condition="Skin.HasSetting(SkinHelper.EnableAnimatedPosters)  + !Skin.HasSetting(AnimatedPostersDisableList) + !String.IsEmpty(Container.ListItem(-2).Art(animatedposter))">$INFO[Container.ListItem(-2).Art(animatedposter)]</value>
		<value condition="ListItem(-2).IsCollection + String.Contains(ListItem(-2).Art(poster),emby)">$INFO[ListItem(-2).Art(poster)]&amp;EnableImageEnhancers=false</value>
        <value condition="!String.IsEmpty(ListItem(-2).Art(poster))">$INFO[ListItem(-2).Art(poster)]</value>
		<value condition="[Container.Content(genres) | String.IsEqual(ListItem.DBTYPE,genre)]">$INFO[ListItem(-2).Label,special://skin/extras/moviegenres/,.jpg]</value>
		<value>$INFO[ListItem(-2).Icon]</value>
	</variable>
	<variable name="ShowcaseItem-1Var">
        <value condition="Skin.HasSetting(SkinHelper.EnableAnimatedPosters)  + !Skin.HasSetting(AnimatedPostersDisableList) + !String.IsEmpty(Container.ListItem(-1).Art(animatedposter))">$INFO[Container.ListItem(-1).Art(animatedposter)]</value>
		<value condition="ListItem(-1).IsCollection + String.Contains(ListItem(-1).Art(poster),emby)">$INFO[ListItem(-1).Art(poster)]&amp;EnableImageEnhancers=false</value>
        <value condition="!String.IsEmpty(ListItem(-1).Art(poster))">$INFO[ListItem(-1).Art(poster)]</value>
		<value condition="[Container.Content(genres) | String.IsEqual(ListItem.DBTYPE,genre)]">$INFO[ListItem(-1).Label,special://skin/extras/moviegenres/,.jpg]</value>
		<value>$INFO[ListItem(-1).Icon]</value>
	</variable>
	<variable name="ShowcaseItem0Var">
        <value condition="Skin.HasSetting(SkinHelper.EnableAnimatedPosters)  + !Skin.HasSetting(AnimatedPostersDisableList) + !String.IsEmpty(Container.ListItem.Art(animatedposter))">$INFO[Container.ListItem.Art(animatedposter)]</value>
		<value condition="ListItem.IsCollection + String.Contains(ListItem.Art(poster),emby)">$INFO[ListItem.Art(poster)]&amp;EnableImageEnhancers=false</value>
        <value condition="!String.IsEmpty(Container.ListItem.Art(poster))">$INFO[Container.ListItem.Art(poster)]</value>
		<value condition="[Container.Content(genres) | String.IsEqual(ListItem.DBTYPE,genre)]">$INFO[Container.ListItem.Label,special://skin/extras/moviegenres/,.jpg]</value>
		<value>$INFO[Container.ListItem.Icon]</value>
	</variable>
	<variable name="ShowcaseItem1Var">
        <value condition="Skin.HasSetting(SkinHelper.EnableAnimatedPosters)  + !Skin.HasSetting(AnimatedPostersDisableList) + !String.IsEmpty(Container.ListItem(1).Art(animatedposter))">$INFO[Container.ListItem(1).Art(animatedposter)]</value>
		<value condition="ListItem(1).IsCollection + String.Contains(ListItem(1).Art(poster),emby)">$INFO[ListItem(1).Art(poster)]&amp;EnableImageEnhancers=false</value>
        <value condition="!String.IsEmpty(ListItem(1).Art(poster))">$INFO[ListItem(1).Art(poster)]</value>
		<value condition="[Container.Content(genres) | String.IsEqual(ListItem.DBTYPE,genre)]">$INFO[ListItem(1).Label,special://skin/extras/moviegenres/,.jpg]</value>
		<value>$INFO[ListItem(1).Icon]</value>
	</variable>
	<variable name="ShowcaseItem2Var">
        <value condition="Skin.HasSetting(SkinHelper.EnableAnimatedPosters)  + !Skin.HasSetting(AnimatedPostersDisableList) + !String.IsEmpty(Container.ListItem(2).Art(animatedposter))">$INFO[Container.ListItem(2).Art(animatedposter)]</value>
		<value condition="ListItem(2).IsCollection + String.Contains(ListItem(2).Art(poster),emby)">$INFO[ListItem(2).Art(poster)]&amp;EnableImageEnhancers=false</value>
        <value condition="!String.IsEmpty(ListItem(2).Art(poster))">$INFO[ListItem(2).Art(poster)]</value>
		<value condition="[Container.Content(genres) | String.IsEqual(ListItem.DBTYPE,genre)]">$INFO[ListItem(2).Label,special://skin/extras/moviegenres/,.jpg]</value>
		<value>$INFO[ListItem(2).Icon]</value>
	</variable>
	<variable name="ShowcaseItem3Var">
        <value condition="Skin.HasSetting(SkinHelper.EnableAnimatedPosters)  + !Skin.HasSetting(AnimatedPostersDisableList) + !String.IsEmpty(Container.ListItem(3).Art(animatedposter))">$INFO[Container.ListItem(3).Art(animatedposter)]</value>
		<value condition="ListItem(3).IsCollection + String.Contains(ListItem(3).Art(poster),emby)">$INFO[ListItem(3).Art(poster)]&amp;EnableImageEnhancers=false</value>
        <value condition="!String.IsEmpty(ListItem(3).Art(poster))">$INFO[ListItem(3).Art(poster)]</value>
		<value condition="[Container.Content(genres) | String.IsEqual(ListItem.DBTYPE,genre)]">$INFO[ListItem(3).Label,special://skin/extras/moviegenres/,.jpg]</value>
		<value>$INFO[ListItem(3).Icon]</value>
	</variable>
	<variable name="ShowcaseItem4Var">
        <value condition="Skin.HasSetting(SkinHelper.EnableAnimatedPosters)  + !Skin.HasSetting(AnimatedPostersDisableList) + !String.IsEmpty(Container.ListItem(4).Art(animatedposter))">$INFO[Container.ListItem(4).Art(animatedposter)]</value>
		<value condition="ListItem(4).IsCollection + String.Contains(ListItem(4).Art(poster),emby)">$INFO[ListItem(4).Art(poster)]&amp;EnableImageEnhancers=false</value>
        <value condition="!String.IsEmpty(ListItem(4).Art(poster))">$INFO[ListItem(4).Art(poster)]</value>
		<value condition="[Container.Content(genres) | String.IsEqual(ListItem.DBTYPE,genre)]">$INFO[ListItem(4).Label,special://skin/extras/moviegenres/,.jpg]</value>
		<value>$INFO[ListItem(4).Icon]</value>
	</variable>
	<variable name="ShowcaseItem5Var">
        <value condition="Skin.HasSetting(SkinHelper.EnableAnimatedPosters)  + !Skin.HasSetting(AnimatedPostersDisableList) + !String.IsEmpty(Container.ListItem(5).Art(animatedposter))">$INFO[Container.ListItem(5).Art(animatedposter)]</value>
		<value condition="ListItem(5).IsCollection + String.Contains(ListItem(5).Art(poster),emby)">$INFO[ListItem(5).Art(poster)]&amp;EnableImageEnhancers=false</value>
        <value condition="!String.IsEmpty(ListItem(5).Art(poster))">$INFO[ListItem(5).Art(poster)]</value>
		<value condition="[Container.Content(genres) | String.IsEqual(ListItem.DBTYPE,genre)]">$INFO[ListItem(5).Label,special://skin/extras/moviegenres/,.jpg]</value>
		<value>$INFO[ListItem(5).Icon]</value>
	</variable>
	<variable name="ShowcaseItem6Var">
        <value condition="Skin.HasSetting(SkinHelper.EnableAnimatedPosters)  + !Skin.HasSetting(AnimatedPostersDisableList) + !String.IsEmpty(Container.ListItem(6).Art(animatedposter))">$INFO[Container.ListItem(6).Art(animatedposter)]</value>
		<value condition="ListItem(6).IsCollection + String.Contains(ListItem(6).Art(poster),emby)">$INFO[ListItem(6).Art(poster)]&amp;EnableImageEnhancers=false</value>
        <value condition="!String.IsEmpty(ListItem(6).Art(poster))">$INFO[ListItem(6).Art(poster)]</value>
		<value condition="[Container.Content(genres) | String.IsEqual(ListItem.DBTYPE,genre)]">$INFO[ListItem(6).Label,special://skin/extras/moviegenres/,.jpg]</value>
		<value>$INFO[ListItem(6).Icon]</value>
	</variable>
	<variable name="ShowcaseItem7Var">
        <value condition="Skin.HasSetting(SkinHelper.EnableAnimatedPosters)  + !Skin.HasSetting(AnimatedPostersDisableList) + !String.IsEmpty(Container.ListItem(7).Art(animatedposter))">$INFO[Container.ListItem(7).Art(animatedposter)]</value>
		<value condition="ListItem(7).IsCollection + String.Contains(ListItem(7).Art(poster),emby)">$INFO[ListItem(7).Art(poster)]&amp;EnableImageEnhancers=false</value>
        <value condition="!String.IsEmpty(ListItem(7).Art(poster))">$INFO[ListItem(7).Art(poster)]</value>
		<value condition="[Container.Content(genres) | String.IsEqual(ListItem.DBTYPE,genre)]">$INFO[ListItem(7).Label,special://skin/extras/moviegenres/,.jpg]</value>
		<value>$INFO[ListItem(7).Icon]</value>
	</variable>
	<variable name="ShowcaseItem8Var">
        <value condition="Skin.HasSetting(SkinHelper.EnableAnimatedPosters)  + !Skin.HasSetting(AnimatedPostersDisableList) + !String.IsEmpty(Container.ListItem(8).Art(animatedposter))">$INFO[Container.ListItem(8).Art(animatedposter)]</value>
		<value condition="ListItem(8).IsCollection + String.Contains(ListItem(8).Art(poster),emby)">$INFO[ListItem(8).Art(poster)]&amp;EnableImageEnhancers=false</value>
        <value condition="!String.IsEmpty(ListItem(8).Art(poster))">$INFO[ListItem(8).Art(poster)]</value>
		<value condition="[Container.Content(genres) | String.IsEqual(ListItem.DBTYPE,genre)]">$INFO[ListItem(8).Label,special://skin/extras/moviegenres/,.jpg]</value>
		<value>$INFO[ListItem(8).Icon]</value>
	</variable>
	<variable name="ShowcaseItem9Var">
        <value condition="Skin.HasSetting(SkinHelper.EnableAnimatedPosters)  + !Skin.HasSetting(AnimatedPostersDisableList) + !String.IsEmpty(Container.ListItem(9).Art(animatedposter))">$INFO[Container.ListItem(9).Art(animatedposter)]</value>
		<value condition="ListItem(9).IsCollection + String.Contains(ListItem(9).Art(poster),emby)">$INFO[ListItem(9).Art(poster)]&amp;EnableImageEnhancers=false</value>
        <value condition="!String.IsEmpty(ListItem(9).Art(poster))">$INFO[ListItem(9).Art(poster)]</value>
		<value condition="[Container.Content(genres) | String.IsEqual(ListItem.DBTYPE,genre)]">$INFO[ListItem(9).Label,special://skin/extras/moviegenres/,.jpg]</value>
		<value>$INFO[ListItem(9).Icon]</value>
	</variable>
	
	<include name="WatchedIndicatorNormal1">
		<control type="group">
			<animation effect="zoom" end="95" time="0" center="70,0" condition="Control.IsVisible(513)">Conditional</animation>
			<include content="WatchedIndicatorLayout">
                <param name="width" value="80" />
                <param name="height" value="80" />
                <param name="font" value="indicator_normal" />
                <param name="overlay" value="normal" />
                <param name="overlay_texture" value="diffuse/icon_overlay.png" />
                <param name="listitem" value="(1)" />
            </include>
		</control>
	</include>
	
	<include name="WatchedIndicatorNormal2">
		<control type="group">
			<animation effect="zoom" end="90" time="0" center="65,0" condition="Control.IsVisible(513)">Conditional</animation>
			<include content="WatchedIndicatorLayout">
                <param name="width" value="80" />
                <param name="height" value="80" />
                <param name="font" value="indicator_normal" />
                <param name="overlay" value="normal" />
                <param name="overlay_texture" value="diffuse/icon_overlay.png" />
                <param name="listitem" value="(2)" />
            </include>
		</control>
	</include>
	
	<include name="WatchedIndicatorNormal3">
		<control type="group">
			<animation effect="zoom" end="85" time="0" center="60,0" condition="Control.IsVisible(513)">Conditional</animation>
			<include content="WatchedIndicatorLayout">
                <param name="width" value="80" />
                <param name="height" value="80" />
                <param name="font" value="indicator_normal" />
                <param name="overlay" value="normal" />
                <param name="overlay_texture" value="diffuse/icon_overlay.png" />
                <param name="listitem" value="(3)" />
            </include>
		</control>
	</include>
	
	<include name="WatchedIndicatorNormal4">
		<control type="group">
			<animation effect="zoom" end="80" time="0" center="55,0" condition="Control.IsVisible(513)">Conditional</animation>
			<include content="WatchedIndicatorLayout">
                <param name="width" value="80" />
                <param name="height" value="80" />
                <param name="font" value="indicator_normal" />
                <param name="overlay" value="normal" />
                <param name="overlay_texture" value="diffuse/icon_overlay.png" />
                <param name="listitem" value="(4)" />
            </include>
		</control>
	</include>
	
	<include name="WatchedIndicatorNormal5">
		<control type="group">
			<animation effect="zoom" end="75" time="0" center="55,0" condition="Control.IsVisible(513)">Conditional</animation>
			<include content="WatchedIndicatorLayout">
                <param name="width" value="80" />
                <param name="height" value="80" />
                <param name="font" value="indicator_normal" />
                <param name="overlay" value="normal" />
                <param name="overlay_texture" value="diffuse/icon_overlay.png" />
                <param name="listitem" value="(5)" />
            </include>
		</control>
	</include>
	
	<include name="WatchedIndicatorNormal6">
		<control type="group">
			<animation effect="zoom" end="70" time="0" center="40,0" condition="Control.IsVisible(513)">Conditional</animation>
			<include content="WatchedIndicatorLayout">
                <param name="width" value="80" />
                <param name="height" value="80" />
                <param name="font" value="indicator_normal" />
                <param name="overlay" value="normal" />
                <param name="overlay_texture" value="diffuse/icon_overlay.png" />
                <param name="listitem" value="(6)" />
            </include>
		</control>
	</include>
	
	<include name="WatchedIndicatorNormal7">
		<control type="group">
			<animation effect="zoom" end="60" time="0" center="35,0" condition="Control.IsVisible(513)">Conditional</animation>
			<include content="WatchedIndicatorLayout">
                <param name="width" value="80" />
                <param name="height" value="80" />
                <param name="font" value="indicator_normal" />
                <param name="overlay" value="normal" />
                <param name="overlay_texture" value="diffuse/icon_overlay.png" />
                <param name="listitem" value="(7)" />
            </include>
		</control>
	</include>
	
	<include name="WatchedIndicatorNormal8">
		<control type="group">
			<animation effect="zoom" end="50" time="0" center="30,0" condition="Control.IsVisible(513)">Conditional</animation>
			<include content="WatchedIndicatorLayout">
                <param name="width" value="80" />
                <param name="height" value="80" />
                <param name="font" value="indicator_normal" />
                <param name="overlay" value="normal" />
                <param name="overlay_texture" value="diffuse/icon_overlay.png" />
                <param name="listitem" value="(8)" />
            </include>
		</control>
	</include>
	
	<include name="WatchedIndicatorNormal9">
		<control type="group">
			<animation effect="zoom" end="35" time="0" condition="Control.IsVisible(513)">Conditional</animation>
            <include content="WatchedIndicatorLayout">
                <param name="width" value="80" />
                <param name="height" value="80" />
                <param name="font" value="indicator_normal" />
                <param name="overlay" value="normal" />
                <param name="overlay_texture" value="diffuse/icon_overlay.png" />
                <param name="listitem" value="(9)" />
            </include>
		</control>
	</include>

	<include name="WatchedIndicatorNormal-1">
		<control type="group">
			<include content="WatchedIndicatorLayout">
                <param name="width" value="80" />
                <param name="height" value="80" />
                <param name="font" value="indicator_normal" />
                <param name="overlay" value="normal" />
                <param name="overlay_texture" value="diffuse/icon_overlay.png" />
                <param name="listitem" value="(-1)" />
            </include>
		</control>
	</include>
	
	<include name="WatchedIndicatorNormal-2">
		<control type="group">
			<include content="WatchedIndicatorLayout">
                <param name="width" value="80" />
                <param name="height" value="80" />
                <param name="font" value="indicator_normal" />
                <param name="overlay" value="normal" />
                <param name="overlay_texture" value="diffuse/icon_overlay.png" />
                <param name="listitem" value="(-2)" />
            </include>
		</control>
	</include>
	
	<include name="WatchedIndicatorNormal-3">
		<control type="group">
			<include content="WatchedIndicatorLayout">
                <param name="width" value="80" />
                <param name="height" value="80" />
                <param name="font" value="indicator_normal" />
                <param name="overlay" value="normal" />
                <param name="overlay_texture" value="diffuse/icon_overlay.png" />
                <param name="listitem" value="(-3)" />
            </include>
		</control>
	</include>
	
	<include name="WatchedIndicatorNormal-4">
		<control type="group">
			<include content="WatchedIndicatorLayout">
                <param name="width" value="80" />
                <param name="height" value="80" />
                <param name="font" value="indicator_normal" />
                <param name="overlay" value="normal" />
                <param name="overlay_texture" value="diffuse/icon_overlay.png" />
                <param name="listitem" value="(-4)" />
            </include>
		</control>
	</include>
	
	<include name="WatchedIndicatorNormal-5">
		<control type="group">
			<include content="WatchedIndicatorLayout">
                <param name="width" value="80" />
                <param name="height" value="80" />
                <param name="font" value="indicator_normal" />
                <param name="overlay" value="normal" />
                <param name="overlay_texture" value="diffuse/icon_overlay.png" />
                <param name="listitem" value="(-5)" />
            </include>
		</control>
	</include>
	
	<include name="WatchedIndicatorNormal-6">
		<control type="group">
			<include content="WatchedIndicatorLayout">
                <param name="width" value="80" />
                <param name="height" value="80" />
                <param name="font" value="indicator_normal" />
                <param name="overlay" value="normal" />
                <param name="overlay_texture" value="diffuse/icon_overlay.png" />
                <param name="listitem" value="(-6)" />
            </include>
		</control>
	</include>
	
	<include name="WatchedIndicatorNormal-7">
		<control type="group">
			<include content="WatchedIndicatorLayout">
                <param name="width" value="80" />
                <param name="height" value="80" />
                <param name="font" value="indicator_normal" />
                <param name="overlay" value="normal" />
                <param name="overlay_texture" value="diffuse/icon_overlay.png" />
                <param name="listitem" value="(-7)" />
            </include>
		</control>
	</include>
	
	
	
	
</includes>