<?xml version='1.0' encoding='UTF-8'?>
<shortcuts>
	<shortcut>
		<defaultID>20126</defaultID>
		<label>20126</label>
		<label2>Kodi Command</label2>
		<icon>common/lock.png</icon>
		<thumb />
		<action>System.LogOff</action>
		<visible>System.HasLoginScreen</visible>
	</shortcut>
	<shortcut>
		<defaultID>13011</defaultID>
		<label>Standby</label>
		<label2>Benutzerdefinierte Einträge</label2>
		<icon>common/sleep.png</icon>
		<thumb />
		<action>Suspend</action>
	</shortcut>
	<shortcut>
		<defaultID>13016</defaultID>
		<label>13016</label>
		<label2 />
		<icon>common/shutdown1.png</icon>
		<thumb />
		<action>Powerdown</action>
	</shortcut>
	<shortcut>
		<defaultID>13009</defaultID>
		<label>13009</label>
		<label2>Kodi Command</label2>
		<icon>common/exit1.png</icon>
		<thumb />
		<action>Quit()</action>
	</shortcut>
	<shortcut>
		<defaultID>13010</defaultID>
		<label>13010</label>
		<label2 />
		<icon>common/hybernate.png</icon>
		<thumb />
		<action>Hibernate</action>
	</shortcut>
	<shortcut>
		<defaultID>13013</defaultID>
		<label>13013</label>
		<label2 />
		<icon>common/reboot1.png</icon>
		<thumb />
		<action>Reset</action>
	</shortcut>
</shortcuts>
