<?xml version="1.0" encoding="utf-8"?>
<!--Titan-->
<window>
    <defaultcontrol always="true">5000</defaultcontrol>
	<include>allViewIds</include>
	<onunload>ClearProperty(ShowViewSubMenu,home)</onunload>
	<include>DefaultSkinSettings</include>
    <controls>
        <!-- Video Background -->
        <include>GlobalBackground</include>
		<!--Header-->
        <include>Header</include>
 
		<!--NowPlaying-->
		<include>NowPlayingModern</include>
 
		<!-- all Views -->
        <include>allViews</include>
		
        <!--Hidden Button-->
        <control type="radiobutton" id="19">
            <description>Filter (hidden)</description>
            <include>HiddenButton</include>
        </control>
		
        <!--Sub Menu Tab Left-->
        <include condition="!Skin.HasSetting(DisableSideBladeIndicator)">SideBladeMenuTabLeft</include>
        <!--Sub Menu Tab Top-->
        <include condition="!Skin.HasSetting(DisableSideBladeIndicator)">SideBladeMenuTabTop</include>
        <!--Sub Menu-->
        <control type="group">
            <include condition="Skin.HasSetting(smallContextMenu)">SideBladeClassic</include>
			<include condition="!Skin.HasSetting(smallContextMenu)">SideBladeModern</include>
            <!--Grouplist 9000-->
            <control type="grouplist" id="9000">
                <left>21</left>
                <top>190</top>
                <width>458</width>
                <height>750</height>
                <itemgap>3</itemgap>
                <onleft>5000</onleft>
                <onright>5000</onright>
                <onback>5000</onback>
				<visible>!Skin.HasSetting(KioskMode.Enabled)</visible>
				<onright>ClearProperty(ShowViewSubMenu,home)</onright>
				<onleft>ClearProperty(ShowViewSubMenu,home)</onleft>
				<onback>ClearProperty(ShowViewSubMenu,home)</onback>
                <onup>9000</onup>
                <ondown>9000</ondown>
                <orientation>vertical</orientation>
                <!--Buttons-->
                <control type="button" id="3">
                    <!--Sort-->
					<label>$LOCALIZE[103]</label>
                    <include>SideBladeMenuButton</include>
                </control>
                <control type="togglebutton" id="4">
                    <!--Ascending-->
                    <include>SideBladeMenuButton</include>
                    <label>$LOCALIZE[584]</label>
                    <altlabel>$LOCALIZE[585]</altlabel>
                </control>
				<control type="button" id="5">
					<description>addon-updates</description>
					<include>SideBladeMenuButton</include>
					<label>$LOCALIZE[10004]</label>
				</control>
				<control type="radiobutton" id="7">
					<description>Hide foreign</description>
					<include>SideBladeMenuButton</include>
					<label>$LOCALIZE[25001]</label>
				</control>
				<control type="radiobutton" id="8">
					<description>Hide broken</description>
					<include>SideBladeMenuButton</include>
					<label>$LOCALIZE[24999]</label>
				</control>
				<control type="button" id="9">
					<description>Check for repo updates</description>
					<include>SideBladeMenuButton</include>
					<label>$LOCALIZE[24034]</label>
				</control>
				<include>SideBladeViewCommands</include>
            </control>
        </control>
        <include condition="Skin.HasSetting(DebugGrid) | Skin.HasSetting(DebugInfo)">DebugInfo</include>
    </controls>
</window>