<?xml version="1.0" encoding="utf-8"?>
<window type="dialog" id="1121">
<!--Titan-->
	
    <defaultcontrol always="true">11000</defaultcontrol>
    <controls>
        <!--Dialog Overlay-->
		<control type="group">
			<visible>!Window.IsActive(fullscreenvideo)</visible>
			<!-- <include>DialogOverlayExtra</include> -->
			<animation effect="fade" time="250" start="0" end="100" reversible="false">WindowOpen</animation>
        </control>

        <control type="group">
			<animation effect="fade" end="0" time="0" reversible="false" condition="Window.IsVisible(yesnodialog) | Window.IsVisible(addonsettings)">Conditional</animation>
            <visible>!Window.IsActive(sliderdialog) + !Window.IsActive(subtitlesearch) + !Window.IsActive(script.pseudotv.TVOverlay.xml)</visible>
			<visible>!Window.IsActive(DialogSettings.xml) + !Window.IsActive(DialogSlider.xml) + !Window.IsActive(PlayerProcessInfo) + !Window.IsActive(GameVideoFilter) + !Window.IsActive(GameStretchMode) + !Window.IsActive(GameControllers) + !Window.IsActive(GamePorts) + !Window.IsActive(GameVideoRotation) + !Window.IsActive(1109) + !Window.IsActive(1110)</visible>
			<animation type="WindowOpen">
				<effect type="slide" start="1200" end="0" time="250" tween="cubic" easing="inout" />
			</animation>
			<animation type="WindowClose">
				<effect type="slide" start="0" end="1200" time="250" tween="cubic" easing="inout" />
			</animation>
             <!--Panel-->
            <control type="image">
                <left>630</left>
                <top>0</top>
                <width>1340</width>
                <height>100%</height>
				<texture border="15">diffuse/bgpanel.png</texture>
				<colordiffuse>$INFO[Skin.String(GeneralPanelsColor)]</colordiffuse>
            </control>
            <!-- close dialog -->
            <control type="group">
                <include>animation_fade_visible_hidden</include>
                <right>60</right>
                <width>60</width>
                <top>40</top>
                <include condition="Skin.HasSetting(EnableTouchSupport)">close_button</include>
            </control>
           <!--Header-->
            <control type="label">
                <description>Heading</description>
                <left>700</left>
                <top>10</top>
                <width>1200</width>
				<font>Bold45</font>
				<textcolor>$INFO[Skin.String(GeneralHighlightTextColor)]</textcolor>
                <align>left</align>
				<height>100</height>
				<label>$INFO[Window(home).Property(settingslist_Header)]</label>
            </control>
            <control type="image">
                <left>680</left>
                <top>220</top>
                <width>1200</width>
                <height>670</height>
                <texture border="5">dialogs/default/inner.png</texture>
            </control>
			<control type="group" id="11000">
                <description>Control Area</description>
                <left>680</left>
                <top>230</top>
                <width>1200</width>
                <height>660</height>
                <orientation>vertical</orientation>
                <itemgap>0</itemgap>
                <onup>11000</onup>
                <ondown>11000</ondown>
                <onleft>30</onleft>
                <onright>30</onright>
                <scrolltime tween="cubic" easing="out">500</scrolltime>
				<control type="grouplist" id="11100">
					<visible>String.IsEqual(window(home).Property(settingslist_content),osd)</visible>
					<control type="button" id="11111">
						<description>button template</description>
						<width>1200</width>
						<height>60</height>
						<align>left</align>
						<textoffsetx>20</textoffsetx>
						<texturenofocus>dialogs/default/separator.png</texturenofocus>
						<include>DialogButton</include>
						<label>$LOCALIZE[13396]</label>
						<onleft>8002</onleft>
						<onright>8002</onright>
						<onclick>ActivateWindow(osdaudiosettings)</onclick>
					</control>
					<control type="button" id="11106">
						<description>button template</description>
						<width>1200</width>
						<height>60</height>
						<align>left</align>
						<textoffsetx>20</textoffsetx>
						<texturenofocus>dialogs/default/separator.png</texturenofocus>
						<include>DialogButton</include>
						<onleft>8002</onleft>
						<onright>8002</onright>
						<label>$LOCALIZE[24133]</label>
						<onclick>ActivateWindow(osdsubtitlesettings)</onclick>
					</control>
					<control type="button" id="11102">
						<description>button template</description>
						<width>1200</width>
						<height>60</height>
						<align>left</align>
						<textoffsetx>20</textoffsetx>
						<texturenofocus>dialogs/default/separator.png</texturenofocus>
						<include>DialogButton</include>
						<onleft>8002</onleft>
						<onright>8002</onright>
						<label>$LOCALIZE[13395]</label>
						<onclick>ActivateWindow(osdvideosettings)</onclick>
					</control>
					<control type="button" id="11103">
						<description>button template</description>
						<width>1200</width>
						<height>60</height>
						<align>left</align>
						<textoffsetx>20</textoffsetx>
						<texturenofocus>dialogs/default/separator.png</texturenofocus>
						<include>DialogButton</include>
						<label>$LOCALIZE[36560]</label>
						<onleft>8002</onleft>
						<onright>8002</onright>
						<onclick>ActivateWindow(osdcmssettings)</onclick>
						<visible>System.HasCMS</visible>
					</control>
					<control type="button" id="11104">
						<description>Switch audiostream</description>
						<width>1200</width>
						<height>60</height>
						<align>left</align>
						<textoffsetx>20</textoffsetx>
						<texturenofocus>dialogs/default/separator.png</texturenofocus>
						<include>DialogButton</include>
						<onleft>8002</onleft>
						<onright>8002</onright>
						<label>$LOCALIZE[61112]</label>
						<label2>[B]$INFO[VideoPlayer.AudioLanguage][/B]</label2>
						<onclick>AudioNextLanguage</onclick>
						<visible>Integer.IsGreater(VideoPlayer.AudioStreamCount,1)</visible>
					</control>
					<control type="button" id="11108">
						<description>Switch subtitle</description>
						<width>1200</width>
						<height>60</height>
						<align>left</align>
						<textoffsetx>20</textoffsetx>
						<texturenofocus>dialogs/default/separator.png</texturenofocus>
						<include>DialogButton</include>
						<onleft>8002</onleft>
						<onright>8002</onright>
						<label>$LOCALIZE[70033]</label>
						<label2>[B]$VAR[ActiveVideoPlayerSubtitleLanguage][/B]</label2>
						<onclick>NextSubtitle</onclick>
						<visible>VideoPlayer.HasSubtitles</visible>
					</control>					
					<control type="button" id="11105">
						<description>button template</description>
						<width>1200</width>
						<height>60</height>
						<align>left</align>
						<textoffsetx>20</textoffsetx>
						<texturenofocus>dialogs/default/separator.png</texturenofocus>
						<include>DialogButton</include>
						<label>$LOCALIZE[70010]</label>
						<onleft>8002</onleft>
						<onright>8002</onright>
						<onclick>PlayerProgramSelect</onclick>
						<visible>Player.HasPrograms</visible>
					</control>
					<control type="button" id="11107">
						<description>button template</description>
						<width>1200</width>
						<height>60</height>
						<align>left</align>
						<textoffsetx>20</textoffsetx>
						<texturenofocus>dialogs/default/separator.png</texturenofocus>
						<include>DialogButton</include>
						<onleft>8002</onleft>
						<onright>8002</onright>
						<label>$LOCALIZE[70011]</label>
						<onclick>PlayerResolutionSelect</onclick>
						<visible>Player.HasResolutions</visible>
					</control>
					
					<control type="button" id="7">
						<description>button template</description>
						<width>1200</width>
						<height>60</height>
						<align>left</align>
						<textoffsetx>20</textoffsetx>
						<texturenofocus>dialogs/default/separator.png</texturenofocus>
						<include>DialogButton</include>
						<onleft>8002</onleft>
						<onright>8002</onright>
						<label>$LOCALIZE[70053]</label>
						<!-- <onclick>Dialog.Close(1121)</onclick> -->
						<onclick condition="!Skin.HasSetting(UseIncreasedMaxtempo)">ActivateWindow(1110)</onclick>
						<onclick condition="Skin.HasSetting(UseIncreasedMaxtempo)">ActivateWindow(1109)</onclick>
						<visible>Player.TempoEnabled</visible>
					</control>					
					
					<control type="button" id="11109">
						<description>button template</description>
						<width>1200</width>
						<height>60</height>
						<align>left</align>
						<textoffsetx>20</textoffsetx>
						<texturenofocus>dialogs/default/separator.png</texturenofocus>
						<include>DialogButton</include>
						<onleft>8002</onleft>
						<onright>8002</onright>
						<label>$LOCALIZE[31786]</label>
						<onclick>ActivateWindow(playerprocessinfo)</onclick>
					</control>
				</control>
				<control type="grouplist" id="13100">
					<visible>String.IsEqual(window(home).Property(settingslist_content),3d)</visible>
					<control type="radiobutton" id="13101">
						<description>radiobutton template</description>
						<width>1200</width>
						<height>60</height>
						<align>left</align>
						<textoffsetx>20</textoffsetx>
						<include>DialogButton</include>
						<onleft>8002</onleft>
						<onright>8002</onright>
						<radioposx>1080</radioposx>
						<label>$LOCALIZE[24022]</label>
						<onclick>ToggleStereoMode</onclick>
						<selected>Integer.IsGreater(System.StereoscopicMode,0)</selected>
					</control>
					<control type="button" id="13102">
						<description>button template</description>
						<width>1200</width>
						<height>60</height>
						<align>left</align>
						<textoffsetx>20</textoffsetx>
						<texturenofocus>dialogs/default/separator.png</texturenofocus>
						<include>DialogButton</include>
						<onleft>8002</onleft>
						<onright>8002</onright>
						<label>$LOCALIZE[31004]</label>
						<label2>[B]$INFO[VideoPlayer.StereoscopicMode][/B]</label2>
						<onclick>StereoMode</onclick>
					</control>
					<control type="radiobutton" id="13103">
						<description>radiobutton template</description>
						<width>1200</width>
						<height>60</height>
						<align>left</align>
						<textoffsetx>20</textoffsetx>
						<include>DialogButton</include>
						<onleft>8002</onleft>
						<onright>8002</onright>
						<radioposx>1080</radioposx>
						<label>$LOCALIZE[61005]</label>
						<onclick>StereoModeToMono</onclick>
						<selected>Integer.IsEqual(System.StereoscopicMode,9)</selected>
					</control>
				</control>
				<control type="grouplist" id="14100">
					<defaultcontrol always="true">14101</defaultcontrol>
					<visible>String.IsEqual(window(home).Property(settingslist_content),games)</visible>
					<control type="button" id="14101">
						<description>Video filter button</description>
						<width>1200</width>
						<height>60</height>
						<align>left</align>
						<textoffsetx>20</textoffsetx>
						<texturenofocus>dialogs/default/separator.png</texturenofocus>
						<include>DialogButton</include>
						<label>$LOCALIZE[35225]</label>
						<onleft>8002</onleft>
						<onright>8002</onright>
						<onclick>ActivateWindow(GameVideoFilter)</onclick>
					</control>
					<control type="button" id="14102">
						<description>Stretch mode button</description>
						<width>1200</width>
						<height>60</height>
						<align>left</align>
						<textoffsetx>20</textoffsetx>
						<texturenofocus>dialogs/default/separator.png</texturenofocus>
						<include>DialogButton</include>
						<label>$LOCALIZE[35233]</label>
						<onleft>8002</onleft>
						<onright>8002</onright>
						<onclick>ActivateWindow(GameStretchMode)</onclick>				
					</control>
					<control type="button" id="14106">
						<description>Video rotation button</description>
						<width>1200</width>
						<height>60</height>
						<align>left</align>
						<textoffsetx>20</textoffsetx>
						<texturenofocus>dialogs/default/separator.png</texturenofocus>
						<include>DialogButton</include>
						<label>$LOCALIZE[35227]</label>
						<onleft>8002</onleft>
						<onright>8002</onright>
						<onclick>ActivateWindow(GameVideoRotation)</onclick>				
					</control>
					<control type="button" id="14104">
						<description>Volume button</description>
						<width>1200</width>
						<height>60</height>
						<align>left</align>
						<textoffsetx>20</textoffsetx>
						<texturenofocus>dialogs/default/separator.png</texturenofocus>
						<include>DialogButton</include>
						<label>$LOCALIZE[13376]</label>
						<label2>Select + Right Stick</label2>
						<onleft>8002</onleft>
						<onright>8002</onright>
						<onclick>ActivateWindow(GameVolume)</onclick>					
					</control>
					<control type="button" id="14103">
						<description>Controller settings button</description>
						<width>1200</width>
						<height>60</height>
						<align>left</align>
						<textoffsetx>20</textoffsetx>
						<texturenofocus>dialogs/default/separator.png</texturenofocus>
						<include>DialogButton</include>
						<label>$LOCALIZE[35234]</label>
						<onleft>8002</onleft>
						<onright>8002</onright>
						<onclick>ActivateWindow(GameControllers)</onclick>
					</control>
					<control type="button" id="14107">
						<description>Controller port configuration</description>
						<width>1200</width>
						<height>60</height>
						<align>left</align>
						<textoffsetx>20</textoffsetx>
						<texturenofocus>dialogs/default/separator.png</texturenofocus>
						<include>DialogButton</include>
						<label>$LOCALIZE[35110]</label>
						<onleft>8002</onleft>
						<onright>8002</onright>
						<onclick>ClearProperty(agentsdialog,home)</onclick>
						<onclick>ActivateWindow(GamePorts)</onclick>
					</control>
					<control type="button" id="14105">
						<description>Advanced settings</description>
						<width>1200</width>
						<height>60</height>
						<align>left</align>
						<textoffsetx>20</textoffsetx>
						<texturenofocus>dialogs/default/separator.png</texturenofocus>
						<include>DialogButton</include>
						<label>$LOCALIZE[35226]</label>
						<onleft>8002</onleft>
						<onright>8002</onright>
						<onclick>ActivateWindow(GameAdvancedSettings)</onclick>
					</control>
				</control>
		    </control>	
            <!--Button Group-->
            <control type="grouplist" id="8002">
                <left>680</left>
                <top>940</top>
				<orientation>horizontal</orientation>
				<itemgap>20</itemgap>
				<onup>11000</onup>
                <ondown>11000</ondown>
                <onleft>11000</onleft>
                <onright>11000</onright>		

			<!--	<control type="button" id="28">
                    <description>OK</description>
                    <label>$LOCALIZE[186]</label>
                    <include>DialogButtonOther</include>
                    <animation effect="fade" start="100" end="75" time="0" condition="!Control.IsEnabled(28)">Conditional</animation>
                </control>
                <control type="button" id="29">
                    <left>200</left>
                    <description>Cancel</description>
                    <label>$LOCALIZE[222]</label>
					<include>DialogButtonOther</include>
                    <animation effect="fade" start="100" end="75" time="0" condition="!Control.IsEnabled(29)">Conditional</animation>
                </control> -->
				<control type="button" id="30">
                    <left>740</left>
                    <description>Clear</description>
                    <label>$LOCALIZE[31308]</label>
					<include>DialogButtonOther</include>
					<onclick>Action(close)</onclick>
                 </control>
			</control>
		</control>
    </controls>
</window>