<?xml version="1.0" encoding="utf-8"?>
<!--Titan-->
<window type="dialog" id="3016">
    <onload>SetFocus($INFO[Window(Home).Property(SkinSettingSection)])</onload>
    <onload>SetFocus(1000)</onload>
    <onunload>ClearProperty(SkinSettingSection,home)</onunload>
    <controls>
        <!--Dialog Overlay-->
		<control type="group">
			<visible>!Window.IsActive(fullscreenvideo) + !Window.IsActive(filebrowser)</visible>
			<include>DialogOverlayExtra</include>
			<animation effect="fade" time="250" start="0" end="100" reversible="false">WindowOpen</animation>
        </control>
        <control type="group">
             <visible>!Window.IsVisible(yesnodialog) + !Window.IsActive(filebrowser)</visible>
			<animation type="WindowOpen">
				<effect type="slide" start="1200" end="0" time="250" tween="cubic" easing="inout" />
			</animation>
			<animation type="WindowClose">
				<effect type="slide" start="0" end="1200" time="250" tween="cubic" easing="inout" />
			</animation>
            <!--Panel-->
            <control type="image">
                <left>630</left>
                <top>0</top>
                <width>1340</width>
                <height>100%</height>
				<texture border="15">diffuse/bgpanel.png</texture>
				<colordiffuse>$INFO[Skin.String(GeneralPanelsColor)]</colordiffuse>
            </control>
            <!-- close dialog -->
            <control type="group">
                <include>animation_fade_visible_hidden</include>
                <right>60</right>
                <width>60</width>
                <top>40</top>
                <include condition="Skin.HasSetting(EnableTouchSupport)">close_button</include>
            </control>
           <!--Header-->
            <control type="label">
                <description>Heading</description>
                <left>680</left>
                <top>10</top>
                <width>1200</width>
				<font>Bold40</font>
				<textcolor>$INFO[Skin.String(GeneralHighlightTextColor)]</textcolor>
                <align>left</align>
				<height>100</height>
				<label>$VAR[value_header_skinsettings]</label>
            </control>
            <control type="group" id="1000">
                <description>Control Area</description>
                <left>680</left>
                <top>120</top>
                <width>1180</width>
                <height>800</height>
                <include>SkinSettings_HomeLayout</include>
                <include>SkinSettings_Shortcuts</include>
                <include>SkinSettings_Background</include>
                <include>SkinSettings_Library</include>
                <include>SkinSettings_ForcedViews</include>
                <include>SkinSettings_OSD</include>
                <include>SkinSettings_PVR</include>
                <include>SkinSettings_SmartShortcuts</include>
                <include>SkinSettings_ColorThemes</include>
                <include>SkinSettings_General</include>
                <include>SkinSettings_Backup</include>
                <include>SkinSettings_CustomColors</include>
                <include>SkinSettings_Addons</include>
            </control>
            <!--Button Group-->
            <control type="grouplist" id="2000">
                <left>670</left>
                <top>940</top>
				<orientation>horizontal</orientation>
				<itemgap>0</itemgap>
				<onup>1000</onup>
                <width>1200</width>
                <include>SkinSettings_MenuOptions</include>
                <control type="button" id="11">
                    <!--Cancel-->
                    <width>290</width>
                    <height>80</height>
                    <align>center</align>
                    <label>$LOCALIZE[222]</label>
					<include>DialogButtonOther</include>
                    <onfocus>ClearProperty(SkinSettingSection,home)</onfocus>
                    <onclick>Close</onclick>
                </control>
            </control>
            <!--Arrows-->
            <control type="image">
                <animation effect="fade" start="100" end="50" tween="sine" easing="inout" time="800" pulse="true" reversible="false" condition="true">Conditional</animation>
                <left></left>
				<top></top>
				<right>25</right>
                <bottom>72</bottom>
                <width>20</width>
                <height>60</height>
                <aspectratio>keep</aspectratio>
                <texture>dialogs/videoinfo/arrow.png</texture>
                <!-- <visible>!Control.HasFocus(51)</visible> -->
                <colordiffuse>white</colordiffuse>
                <visible>Container(2000).HasNext</visible>
            </control>
            <control type="image">
                <animation effect="fade" start="100" end="50" tween="sine" easing="inout" time="800" pulse="true" reversible="false" condition="true">Conditional</animation>
                <left></left>
				<top></top>
				<right>1255</right>
                <bottom>72</bottom>
                <width>20</width>
                <height>60</height>
                <aspectratio>keep</aspectratio>
                <texture flipx="true">dialogs/videoinfo/arrow.png</texture>
                <!-- <visible>!Control.HasFocus(51)</visible> -->
                <colordiffuse>white</colordiffuse>
                <visible>Container(2000).HasPrevious</visible>
            </control>
        </control>
    </controls>
</window>