<?xml version="1.0" encoding="UTF-8"?>

<window>
	<onload condition="Skin.HasSetting(DialogYesNo_FocusNO) + !Control.IsVisible(12) + Control.IsVisible(10)">SetFocus(10)</onload>
    <onload condition="!Skin.HasSetting(DialogYesNo_FocusNO) + !Control.IsVisible(12) + Control.IsVisible(11)">SetFocus(11)</onload>
	<onload condition="Control.IsVisible(12)">SetFocus(12)</onload>
    <controls>
		<control type="group">
			<visible>!Window.IsActive(DialogButtonMenu.xml)</visible>
			<visible>!Window.IsActive(DialogKeyboard.xml)</visible>
			<visible>!Window.IsActive(DialogNumeric.xml)</visible>
			<!--Dialog Overlay-->
			<include>DialogOverlayExtra</include>
			<control type="group">
				<left>400</left>
				<top>410</top>
				<include>animation_window_open_close</include>
				<control type="image">
					<left>-460</left>
					<top>-40</top>
					<width>2000</width>
					<height>410</height>
					<texture border="5">diffuse/panel.png</texture>
					<colordiffuse>$INFO[Skin.String(GeneralPanelsColor)]</colordiffuse>
				</control>
				<control type="multiimage">
					<description>Busy animation</description>
					<left>0</left>
					<top>0</top>
					<width>200</width>
					<height>200</height>
					<colordiffuse>$INFO[Skin.String(SpinnerTexture.Color)]</colordiffuse>
					<imagepath>dialogs/extended_progress_bar</imagepath>
					<aspectratio>keep</aspectratio>
					<timeperimage>250</timeperimage>
				</control>
				<control type="label">
					<left>-5</left>
					<top>-10</top>
					<width>200</width>
					<height>200</height>
					<align>center</align>
					<aligny>center</aligny>
					<font>Reg36</font>
					<textcolor>$INFO[Skin.String(GeneralTextColor)]</textcolor>
					<label>$INFO[System.Progressbar,,%]</label>
				</control>
				<control type="group">
					<left>250</left>
					<width>980</width>
					<control type="label" id="1">
						<left>15</left>
						<description>Heading</description>
						<label></label>
						<width>1000</width>
						<font>Bold55</font>
					</control>
					<control type="textbox" id="9">
						<description>Line 1</description>
						<left>15</left>
						<top>80</top>
						<width>1000</width>
						<height>120</height>
						<label></label>
						<font>Reg30</font>
					</control>
					<control type="grouplist">
						<left>15</left>
						<top>220</top>
						<orientation>horizontal</orientation>
						<itemgap>10</itemgap>
						<control type="button" id="11">
							<description>Yes button</description>
							<width>300</width>
							<height>90</height>
							<label>$LOCALIZE[107]</label>
							<font>Reg36</font>
							<include>DialogButtonOther</include>
							<textwidth>280</textwidth>
						</control>
						<control type="button" id="10">
							<description>No button</description>
							<width>300</width>
							<height>90</height>
							<font>Reg36</font>
							<label>$LOCALIZE[106]</label>
							<include>DialogButtonOther</include>
							<textwidth>280</textwidth>
						</control>
						<control type="button" id="12">
							<description>Custom button</description>
							<width>300</width>
							<height>90</height>
							<font>Reg36</font>
							<label>$LOCALIZE[106]</label>
							<include>DialogButtonOther</include>
							<textwidth>280</textwidth>
						</control>
					</control>
				</control>
			</control>	
		</control>
	</controls>
</window>