<?xml version="1.0" encoding="utf-8"?>
<!--Titan-->
<window>
    
    <defaultcontrol always="true">9005</defaultcontrol>
    <onunload condition="[!String.IsEmpty(Window(Home).Property(TrailerPlaying)) + !String.IsEqual(Window(Home).Property(TrailerPlaying),fullscreen)]">PlayerControl(Stop)</onunload>
	<!-- <onunload condition="!String.IsEmpty(Window(Home).Property(TrailerPlaying))">PlayerControl(Stop)</onunload> -->
	<!-- <onload>ClearProperty(AdditionalInfo)</onunload> -->
	<onload>ClearProperty(AdditionalInfo)</onload>
    <onunload>ClearProperty(filename_formatted,home)</onunload>
	<onload condition="![System.HasAddon(script.extendedinfo) + Skin.HasSetting(UseExtendedInfoDialog)] + Skin.String(videoinfo_traileraction,auto_windowed) + !String.IsEmpty(ListItem.Trailer) + [String.IsEqual(Window(Home).Property(contenttype),movies) | String.IsEqual(Window(Home).Property(contenttype),tvshows)]">PlayMedia($ESCINFO[ListItem.Trailer],1,noresume)</onload>
	<onload condition="![System.HasAddon(script.extendedinfo) + Skin.HasSetting(UseExtendedInfoDialog)] + Skin.String(videoinfo_traileraction,auto_windowed) + !String.IsEmpty(ListItem.Trailer) + [String.IsEqual(Window(Home).Property(contenttype),movies) | String.IsEqual(Window(Home).Property(contenttype),tvshows)]">SetProperty(TrailerPlaying,windowed,home)</onload>
	<onload condition="![System.HasAddon(script.extendedinfo) + Skin.HasSetting(UseExtendedInfoDialog)] + Skin.String(videoinfo_traileraction,auto_background) + !String.IsEmpty(ListItem.Trailer) + [String.IsEqual(Window(Home).Property(contenttype),movies) | String.IsEqual(Window(Home).Property(contenttype),tvshows)]">PlayMedia($ESCINFO[ListItem.Trailer],1,noresume)</onload>
	<onload condition="![System.HasAddon(script.extendedinfo) + Skin.HasSetting(UseExtendedInfoDialog)] + Skin.String(videoinfo_traileraction,auto_background) + !String.IsEmpty(ListItem.Trailer) + [String.IsEqual(Window(Home).Property(contenttype),movies) | String.IsEqual(Window(Home).Property(contenttype),tvshows)]">SetProperty(TrailerPlaying,auto_background,home)</onload>
    <controls>
		<!-- trailers video preview -->
		<control type="group">
			<top>0</top>
			<left>0</left>
			<width>1920</width>
			<height>1280</height>
			<visible>String.IsEqual(Window(Home).Property(TrailerPlaying),auto_background) | String.IsEqual(Window(Home).Property(TrailerPlaying),background)</visible>
			<control type="image">
				<texture border="15">diffuse/bgpanel.png</texture>
				<colordiffuse>black</colordiffuse>
			</control>
			<control type="videowindow">
			</control>
		</control>	
        <!-- fake button with actions -->
        <control type="button" id="9005">
            <visible allowhiddenfocus="true">false</visible>
            <onfocus>RunScript(script.skin.helper.service,action=GETFILENAME,output=filename_formatted)</onfocus>
            <onfocus condition="System.HasAddon(script.extendedinfo) + Skin.HasSetting(UseExtendedInfoDialog) + String.IsEqual(Window(Home).Property(contenttype),movies)">RunScript(script.extendedinfo,info=extendedinfo,dbid=$INFO[ListItem.DBID],name=$INFO[ListItem.Title])</onfocus>
            <onfocus condition="System.HasAddon(script.extendedinfo) + Skin.HasSetting(UseExtendedInfoDialog) + String.IsEqual(Window(Home).Property(contenttype),tvshows)">RunScript(script.extendedinfo,info=extendedtvinfo,dbid=$INFO[ListItem.DBID],name=$INFO[ListItem.TvShowTitle])</onfocus>
            <onfocus condition="System.HasAddon(script.extendedinfo) + Skin.HasSetting(UseExtendedInfoDialog) + String.IsEqual(Window(Home).Property(contenttype),seasons)">RunScript(script.extendedinfo,info=seasoninfo,tvshow=$INFO[ListItem.TvShowTitle],season=$INFO[ListItem.Season],silent=True)</onfocus>
            <onfocus condition="System.HasAddon(script.extendedinfo) + Skin.HasSetting(UseExtendedInfoDialog) + String.IsEqual(Window(Home).Property(contenttype),episodes)">RunScript(script.extendedinfo,info=extendedepisodeinfo,tvshow=$INFO[ListItem.TvShowTitle],season=$INFO[ListItem.Season],episode=$INFO[ListItem.Episode],silent=True)</onfocus>
            <!-- <onfocus condition="![System.HasAddon(script.extendedinfo) + Skin.HasSetting(UseExtendedInfoDialog)] + String.Contains(Skin.String(videoinfo_traileraction),auto) + [String.IsEqual(Window(Home).Property(contenttype),movies) | String.IsEqual(Window(Home).Property(contenttype),tvshows)]">RunScript(script.skin.helper.service,ACTION=playtrailer,MODE=$INFO[Skin.String(videoinfo_traileraction)],YOUTUBE=$INFO[Skin.String(AutoYoutubeTrailer)])</onfocus> -->
			<!-- <onfocus condition="![System.HasAddon(script.extendedinfo) + Skin.HasSetting(UseExtendedInfoDialog)] + Skin.String(videoinfo_traileraction,auto_windowed) + [String.IsEqual(Window(Home).Property(contenttype),movies) | String.IsEqual(Window(Home).Property(contenttype),tvshows)]">PlayMedia($ESCINFO[ListItem.Trailer],1,noresume)</onfocus> -->
			<!-- <onfocus condition="![System.HasAddon(script.extendedinfo) + Skin.HasSetting(UseExtendedInfoDialog)] + Skin.String(videoinfo_traileraction,auto_windowed) + [String.IsEqual(Window(Home).Property(contenttype),movies) | String.IsEqual(Window(Home).Property(contenttype),tvshows)]">SetProperty(TrailerPlaying,windowed,home)</onfocus> -->
            <onfocus condition="System.HasAddon(script.extendedinfo) + Skin.HasSetting(UseExtendedInfoDialog)">close</onfocus>
            <onfocus condition="![System.HasAddon(script.extendedinfo) + Skin.HasSetting(UseExtendedInfoDialog)]">SetFocus(8000)</onfocus>
        </control>
		<control type="group">
			<visible>![Skin.HasSetting(UseExtendedInfoDialog) + System.HasAddon(script.extendedinfo)]</visible>
            <include>GlobalBackground</include>
            <include condition="!Skin.HasSetting(DisableNowPlayingBackground)">NowPlayingBackground</include>
			<control type="group">
				<include>animation_window_open_close</include>
				<!-- Background Panel-->
				<control type="image">
					<left>50</left>
					<top>210</top>
					<width>1820</width>
					<height>67%</height>
					<texture border="15">diffuse/bgpanel.png</texture>
                    <visible>!Skin.HasSetting(DialogVideoInfoHidePanel)</visible>
					<colordiffuse>$VAR[ViewDetailsPanelColor]</colordiffuse>
				</control>
                 <!-- clearlogo at top left-->
                <control type="image" id="887766">
                    <left>60</left>
                    <top>10</top>
                    <width>450</width>
                    <height>180</height>
                    <fadetime>600</fadetime>
                    <aspectratio align="left" aligny="center">keep</aspectratio>
                    <texture background="true">$VAR[ListItemClearLogo]</texture>
                </control>
                <!-- Header (if no logo)-->
                <control type="group">
                    <visible>String.IsEmpty(Control.GetLabel(887766))</visible>
                    <control type="label">
                        <left>61</left>
                        <top>10</top>
                        <width min="80" max="900">auto</width>
                        <height>100</height>
                        <font>Bold45</font>
                        <align>left</align>
                        <textcolor>$INFO[Skin.String(HeaderTextColor)]</textcolor>
                        <label>$VAR[value_header]</label>
                        <shadowcolor>$INFO[Skin.String(HeaderTextShadowColor)]</shadowcolor>
                    </control>
                     <control type="label">
                        <top>85</top>
                        <left>61</left>
                        <width min="0" max="900">auto</width>
                        <height>50</height>
                        <label>$VAR[value_subheader]</label>
                        <font>Reg30</font>
                        <textcolor>$INFO[Skin.String(HeaderTextColor)]</textcolor>
                        <shadowcolor>$INFO[Skin.String(HeaderTextShadowColor)]</shadowcolor>
                    </control>
                </control>
                <control type="image">
                    <!--studio logo -->
                    <left></left>
					<right>60</right>
                    <width>450</width>
                    <height>160</height>
                    <top>10</top>
                    <aspectratio aligny="top" align="right">keep</aspectratio>
                    <include condition="!String.Contains(Skin.String(SkinHelper.StudioLogos.Path),colo)">videoInfoColorDiffuse</include>
                    <texture background="true">$INFO[Window(home).Property(SkinHelper.ListItem.StudioLogo)]</texture>
                    <visible>String.IsEmpty(Window.Property(AdditionalInfo)) + !String.IsEmpty(Window(home).Property(SkinHelper.ListItem.StudioLogo))</visible>
                </control>
                <control type="label">
                    <!-- additional info subtitle -->
                    <include>animation_fade_visible_hidden</include>
                    <left></left>
					<right>61</right>
                    <top>10</top>
                    <width min="80" max="1400">auto</width>
                    <height>100</height>
                    <font>Bold45</font>
                    <align>right</align>
                    <textcolor>$INFO[Skin.String(HeaderTextColor)]</textcolor>
                    <label>$INFO[Window.Property(subtitle)]</label>
                    <shadowcolor>$INFO[Skin.String(HeaderTextShadowColor)]</shadowcolor>
                    <visible>!String.IsEmpty(Window.Property(AdditionalInfo))</visible>
                </control>
				<control type="group">
					<!--Info Stuff-->
					<control type="image">
						<left>0</left>
                        <top></top>
						<bottom>0</bottom>
						<width>100%</width>
						<height>110</height>
						<texture border="5">diffuse/panel.png</texture>
						<colordiffuse>$INFO[Skin.String(GeneralPanelsColor)]</colordiffuse>
					</control>
					<control type="scrollbar" id="60">
						<left>0</left>
						<width>100%</width>
                        <top></top>
						<bottom>0</bottom>
						<height>80</height>
						<onup>502</onup>
						<onleft>60</onleft>
						<onright>60</onright>
						<orientation>horizontal</orientation>
						<animation effect="fade" start="100" end="0" time="10" condition="true">Conditional</animation>
					</control>
					<!--Butons 8000-->			
					<control type="grouplist" id="8000">
						<left>60</left>
                        <top></top>
						<bottom>15</bottom>
						<width>1800</width>
						<height>60</height>
						<itemgap>15</itemgap>
                        <onup condition="String.IsEqual(Window.Property(AdditionalInfo),cast)">SetFocus(351)</onup>
                        <onup condition="String.IsEqual(Window.Property(AdditionalInfo),similar)">SetFocus(352)</onup>
						<!-- SendClick not working here ??? -->
						<ondown condition="String.IsEmpty(Window.Property(AdditionalInfo)) + Skin.HasSetting(videoinfo_button_cast)">SetFocus(114)</ondown>
						<ondown condition="String.IsEmpty(Window.Property(AdditionalInfo)) + !Skin.HasSetting(videoinfo_button_cast) + Skin.HasSetting(videoinfo_button_plot)">SetFocus(207207)</ondown>
						<ondown condition="String.IsEmpty(Window.Property(AdditionalInfo)) + !Skin.HasSetting(videoinfo_button_cast) + !Skin.HasSetting(videoinfo_button_plot) + Skin.HasSetting(videoinfo_button_similar)">SetFocus(31622)</ondown>
						<ondown condition="String.IsEqual(Window.Property(AdditionalInfo),cast) + Skin.HasSetting(videoinfo_button_plot)">SetFocus(207207)</ondown>
						<ondown condition="String.IsEqual(Window.Property(AdditionalInfo),cast) + !Skin.HasSetting(videoinfo_button_plot) + Skin.HasSetting(videoinfo_button_similar)">SetFocus(31622)</ondown>						
						<ondown condition="String.IsEqual(Window.Property(AdditionalInfo),cast) + !Skin.HasSetting(videoinfo_button_plot) + !Skin.HasSetting(videoinfo_button_similar)">SetFocus(116)</ondown>
						<ondown condition="String.IsEqual(Window.Property(AdditionalInfo),plot) + Skin.HasSetting(videoinfo_button_similar)">SetFocus(31622)</ondown>
						<ondown condition="String.IsEqual(Window.Property(AdditionalInfo),plot) + !Skin.HasSetting(videoinfo_button_similar)">SetFocus(116)</ondown>						
						<ondown condition="String.IsEqual(Window.Property(AdditionalInfo),similar)">SetFocus(116)</ondown>	


						<ondown condition="String.IsEmpty(Window.Property(AdditionalInfo)) + Skin.HasSetting(videoinfo_button_cast)">Action(Select)</ondown>
						<ondown condition="String.IsEmpty(Window.Property(AdditionalInfo)) + !Skin.HasSetting(videoinfo_button_cast) + Skin.HasSetting(videoinfo_button_plot)">Action(Select)</ondown>
						<ondown condition="String.IsEmpty(Window.Property(AdditionalInfo)) + !Skin.HasSetting(videoinfo_button_cast) + !Skin.HasSetting(videoinfo_button_plot) + Skin.HasSetting(videoinfo_button_similar)">Action(Select)</ondown>
						<ondown condition="String.IsEqual(Window.Property(AdditionalInfo),cast) + Skin.HasSetting(videoinfo_button_plot)">Action(Select)</ondown>
						<ondown condition="String.IsEqual(Window.Property(AdditionalInfo),cast) + !Skin.HasSetting(videoinfo_button_plot) + Skin.HasSetting(videoinfo_button_similar)">Action(Select)</ondown>						
						<ondown condition="String.IsEqual(Window.Property(AdditionalInfo),cast) + !Skin.HasSetting(videoinfo_button_plot) + !Skin.HasSetting(videoinfo_button_similar)">Action(Select)</ondown>
						<ondown condition="String.IsEqual(Window.Property(AdditionalInfo),plot) + Skin.HasSetting(videoinfo_button_similar)">Action(Select)</ondown>
						<ondown condition="String.IsEqual(Window.Property(AdditionalInfo),plot) + !Skin.HasSetting(videoinfo_button_similar)">Action(Select)</ondown>						
						<ondown condition="String.IsEqual(Window.Property(AdditionalInfo),similar)">Action(Select)</ondown>	

						<!-- <ondown condition="String.IsEmpty(Window.Property(AdditionalInfo)) + Skin.HasSetting(videoinfo_button_cast) + !Skin.HasSetting(videoinfo_button_similar)">SetFocus(114)</ondown> -->
						<!-- <ondown condition="String.IsEmpty(Window.Property(AdditionalInfo)) + Skin.HasSetting(videoinfo_button_cast) + Skin.HasSetting(videoinfo_button_similar)">SetFocus(114)</ondown> -->
						<!-- <ondown condition="String.IsEmpty(Window.Property(AdditionalInfo)) + !Skin.HasSetting(videoinfo_button_cast) + Skin.HasSetting(videoinfo_button_similar)">SetFocus(31622)</ondown> -->
						<!-- <ondown condition="String.IsEqual(Window.Property(AdditionalInfo),cast) + Skin.HasSetting(videoinfo_button_similar)">SetFocus(31622)</ondown> -->
						<!-- <ondown condition="String.IsEqual(Window.Property(AdditionalInfo),cast) + !Skin.HasSetting(videoinfo_button_similar)">SetFocus(116)</ondown> -->
						<!-- <ondown condition="String.IsEqual(Window.Property(AdditionalInfo),similar)">SetFocus(116)</ondown>	 -->

						<!-- <ondown condition="String.IsEmpty(Window.Property(AdditionalInfo)) + Skin.HasSetting(videoinfo_button_cast) + !Skin.HasSetting(videoinfo_button_similar)">Action(Select)</ondown> -->
						<!-- <ondown condition="String.IsEmpty(Window.Property(AdditionalInfo)) + Skin.HasSetting(videoinfo_button_cast) + Skin.HasSetting(videoinfo_button_similar)">Action(Select)</ondown> -->
						<!-- <ondown condition="String.IsEmpty(Window.Property(AdditionalInfo)) + !Skin.HasSetting(videoinfo_button_cast) + Skin.HasSetting(videoinfo_button_similar)">Action(Select)</ondown> -->
						<!-- <ondown condition="String.IsEqual(Window.Property(AdditionalInfo),cast) + Skin.HasSetting(videoinfo_button_similar)">Action(Select)</ondown> -->
						<!-- <ondown condition="String.IsEqual(Window.Property(AdditionalInfo),cast) + !Skin.HasSetting(videoinfo_button_similar)">Action(Select)</ondown> -->
						<!-- <ondown condition="String.IsEqual(Window.Property(AdditionalInfo),similar)">Action(Select)</ondown>	 -->

						
						<onleft>8000</onleft>
						<onright>8000</onright>
						<pagecontrol>60</pagecontrol>
						<orientation>horizontal</orientation>
						<visible>!Skin.HasSetting(UseExtendedInfoDialog)</visible>
                        <include condition="Skin.HasSetting(EnableTouchSupport)">back_button</include>
                        <include condition="Skin.HasSetting(EnableTouchSupport)">home_button</include>
						<control type="button" id="8">
							<!--Play-->
							<label>$LOCALIZE[208]</label>
							<width>285</width>
							<height>60</height>
							<align>center</align>
							<textoffsetx>0</textoffsetx>
							<onclick>Dialog.Close(DialogVideoInfo.xml)</onclick>
                            <visible>Skin.HasSetting(videoinfo_button_play)</visible>
						</control>
						<control type="button" id="9">
							<!--Resume-->
							<label>$LOCALIZE[13404]</label>
							<width>285</width>
							<height>60</height>
							<align>center</align>
							<textoffsetx>0</textoffsetx>
							<visible>ListItem.IsResumable</visible>
                            <visible>Skin.HasSetting(videoinfo_button_play)</visible>
						</control>
						<control type="togglebutton" id="103">
							<!-- Trailer-->
							<width>285</width>
							<height>60</height>
							<align>center</align>
							<textoffsetx>0</textoffsetx>
							<label>$LOCALIZE[20410]</label>
                            <altlabel>$LOCALIZE[244]</altlabel>
                            <usealttexture>Player.HasVideo</usealttexture>
                            <onclick condition="!Player.HasVideo + !String.IsEmpty(ListItem.Trailer) + [Skin.String(videoinfo_traileraction,windowed) | Skin.String(videoinfo_traileraction,auto_windowed)]">PlayMedia($ESCINFO[ListItem.Trailer],1,noresume)</onclick>
							<onclick condition="!Player.HasVideo + !String.IsEmpty(ListItem.Trailer) + [Skin.String(videoinfo_traileraction,windowed) | Skin.String(videoinfo_traileraction,auto_windowed)]">SetProperty(TrailerPlaying,windowed,home)</onclick>
							<onclick condition="!Player.HasVideo + !String.IsEmpty(ListItem.Trailer) + [Skin.String(videoinfo_traileraction,fullscreen) | Skin.String(videoinfo_traileraction,auto_background)]">PlayMedia($ESCINFO[ListItem.Trailer],noresume)</onclick>
							<onclick condition="!Player.HasVideo + !String.IsEmpty(ListItem.Trailer) + [Skin.String(videoinfo_traileraction,fullscreen) | Skin.String(videoinfo_traileraction,auto_background)]">SetProperty(TrailerPlaying,fullscreen,home)</onclick>
							<onclick condition="!Player.HasVideo + !String.IsEmpty(ListItem.Trailer) + [Skin.String(videoinfo_traileraction,fullscreen) | Skin.String(videoinfo_traileraction,auto_background)]">FullScreen</onclick>
							<onclick condition="!Player.HasVideo + !String.IsEmpty(ListItem.Trailer) + Skin.String(videoinfo_traileraction,background)">PlayMedia($ESCINFO[ListItem.Trailer],1,noresume)</onclick>
							<onclick condition="!Player.HasVideo + !String.IsEmpty(ListItem.Trailer) + Skin.String(videoinfo_traileraction,background)">SetProperty(TrailerPlaying,background,home)</onclick>
							<onclick condition="!Player.HasVideo + String.IsEmpty(ListItem.Trailer) + Skin.String(AutoYoutubeTrailer,true)">RunScript(script.skin.helper.service,ACTION=playtrailer,MODE=$INFO[Skin.String(videoinfo_traileraction)],YOUTUBE=$INFO[Skin.String(AutoYoutubeTrailer)])</onclick>
                            <onclick condition="Player.HasVideo">SetProperty(TrailerPlaying,fullscreen,home)</onclick>
                            <onclick condition="Player.HasVideo">FullScreen</onclick>
                            <visible>Skin.HasSetting(videoinfo_button_trailer)</visible>
							<visible>[!String.IsEmpty(ListItem.Trailer) + ![String.StartsWith(Container.FolderPath,plugin://) + String.Contains(Container.FolderPath,trailer)]] | Skin.String(AutoYoutubeTrailer,true)</visible>
						</control> 
						<!-- Preview Window: Line 920 -->
						<control type="button" id="204">
							<!-- stop trailer -->
							<label>$LOCALIZE[31954]</label>
							<width>285</width>
							<height>60</height>
							<align>center</align>
							<textoffsetx>0</textoffsetx>
							<onclick>Stop</onclick>
                            <visible>Player.HasVideo</visible>
						</control>
						<control type="button" id="116">
							<!--Info Button-->
							<label>$LOCALIZE[19033]</label>
							<width>285</width>
							<height>60</height>
							<align>center</align>
							<textoffsetx>0</textoffsetx>
							<onclick>ClearProperty(AdditionalInfo)</onclick>
							<visible>!String.IsEmpty(Window.Property(AdditionalInfo))</visible>
						</control>
						<control type="button" id="114">
							<!--Cast Button-->
							<label>$LOCALIZE[206]</label>
							<width>285</width>
							<height>60</height>
							<align>center</align>
							<textoffsetx>0</textoffsetx>
							<onclick>SetProperty(AdditionalInfo, cast)</onclick>
                            <onclick>SetProperty(subtitle, $LOCALIZE[206])</onclick>
							<onclick>SetFocus(351)</onclick>
                            <visible>Integer.IsGreater(Container(351).NumItems,0)</visible>
							<visible>!String.IsEqual(Window.Property(AdditionalInfo),cast)</visible>
                            <visible>Skin.HasSetting(videoinfo_button_cast)</visible>
						</control>
						<control type="button" id="207207">
							<!--Plot Button-->
							<label>$LOCALIZE[207]</label>
							<width>285</width>
							<height>60</height>
							<align>center</align>
							<textoffsetx>0</textoffsetx>
							<onclick>SetProperty(AdditionalInfo, plot)</onclick>
                            <onclick>SetProperty(subtitle, $LOCALIZE[207])</onclick>
                            <visible>!String.IsEmpty(ListItem.Plot)</visible>
							<visible>!String.IsEqual(Window.Property(AdditionalInfo),plot)</visible>
                            <visible>Skin.HasSetting(videoinfo_button_plot)</visible>
						</control>						
                        <control type="button" id="31622">
							<!--Similar Button-->
							<label>$LOCALIZE[31622]</label>
							<width>285</width>
							<height>60</height>
							<align>center</align>
							<textoffsetx>0</textoffsetx>
							<onclick>SetProperty(AdditionalInfo, similar)</onclick>
                            <onclick>SetProperty(subtitle, $LOCALIZE[31622])</onclick>
							<onclick>SetFocus(352)</onclick>
                            <visible>Integer.IsGreater(Container(352).NumItems,0)</visible>
							<visible>!String.IsEqual(Window.Property(AdditionalInfo),similar)</visible>
                            <visible>Skin.HasSetting(videoinfo_button_similar)</visible>
						</control>
						<control type="button" id="13">
							<!--Show all movies by the director of the selected movie-->
							<label>$LOCALIZE[70052]</label>
							<width>285</width>
							<height>60</height>
							<align>center</align>
							<textoffsetx>0</textoffsetx>
							<visible>Skin.HasSetting(videoinfo_button_director)</visible>
							<visible>!String.IsEmpty(ListItem.Director)</visible>
						</control>							
                        <control type="button" id="100">
							<!--Youtube Videos-->
							<width>285</width>
							<height>60</height>
							<align>center</align>
							<textoffsetx>0</textoffsetx>
							<label>$LOCALIZE[31797]</label>
							<onclick condition="System.HasAddon(plugin.video.youtube)">RunScript(script.skin.helper.service,action=searchyoutube,title=$INFO[ListItem.Title] $INFO[ListItem.Year],header=$LOCALIZE[31797])</onclick>
                            <onclick condition="!System.HasAddon(plugin.video.youtube)">ActivateWindow(Videos,plugin://plugin.video.youtube)</onclick>
							<visible>Skin.HasSetting(videoinfo_button_youtubevideos)</visible>
                            <visible>String.IsEqual(Window(Home).Property(contenttype),movies) | String.IsEqual(Window(Home).Property(contenttype),tvshows)</visible>
							<!-- upper visible maybe should be replaced by the following one -->
							<!-- <visible>$EXP[IsMovieDBTypeNoFallback] | $EXP[IsTvShowDBTypeNoFallback] | [String.IsEqual(ListItem.DBTYPE,season) | String.IsEqual(ListItem.Property(DBTYPE),season)]</visible> -->
						</control>
						<control type="button" id="119">
							<!--Wikipedia Button-->
							<label>Wikipedia</label>
							<width>285</width>
							<height>60</height>
							<align>center</align>
							<textoffsetx>0</textoffsetx>
							<visible>Skin.HasSetting(videoinfo_button_wikipedia)</visible>
							<onclick>RunScript(script.wikipedia,wikipedia=$VAR[value_header],language=$VAR[language_iso639-1])</onclick>
							<visible>System.AddonIsEnabled(script.wikipedia)</visible>
						</control>						
						<control type="button" id="115">
							<!--Extended Info Button-->
							<!-- Or use the solution of cartman.dos ??? -->
							<label>$LOCALIZE[31269]</label>
							<width>285</width>
							<height>60</height>
							<align>center</align>
							<textoffsetx>0</textoffsetx>
                            <visible>Skin.HasSetting(videoinfo_button_extendedinfo)</visible>
                            <onclick condition="!System.HasAddon(script.extendedinfo)">RunPlugin(plugin://script.extendedinfo)</onclick>
							<onclick condition="System.HasAddon(script.extendedinfo) + String.IsEqual(Window(Home).Property(contenttype),movies)">RunScript(script.extendedinfo,info=extendedinfo,dbid=$INFO[ListItem.DBID],name=$INFO[ListItem.Title])</onclick>
                            <onclick condition="System.HasAddon(script.extendedinfo) + String.IsEqual(Window(Home).Property(contenttype),tvshows)">RunScript(script.extendedinfo,info=extendedtvinfo,dbid=$INFO[ListItem.DBID],name=$INFO[ListItem.TvShowTitle])</onclick>
                            <onclick condition="System.HasAddon(script.extendedinfo) + String.IsEqual(Window(Home).Property(contenttype),seasons)">RunScript(script.extendedinfo,info=seasoninfo,tvshow=$INFO[ListItem.TvShowTitle],season=$INFO[ListItem.Season],silent=True)</onclick>
                            <onclick condition="System.HasAddon(script.extendedinfo) + String.IsEqual(Window(Home).Property(contenttype),episodes)">RunScript(script.extendedinfo,info=extendedepisodeinfo,dbid=$INFO[ListItem.DBID],tvshow=$INFO[ListItem.TvShowTitle],season=$INFO[ListItem.Season],episode=$INFO[ListItem.Episode],silent=True)</onclick>
						</control>
                        <control type="button" id="112">
                            <width>285</width>
							<description>CinemaVision</description>
                            <label>CinemaVision</label>
                            <onclick>Dialog.Close(DialogVideoInfo.xml)</onclick>
                            <onclick>RunScript(script.cinemavision,experience)</onclick>
                            <visible>Skin.HasSetting(videoinfo_button_cinemavision)</visible>
                            <visible>System.HasAddon(script.cinemavision)</visible>
						</control>
						<control type="button" id="113">
							<width>285</width>
							<description>Home Theatre</description>
							<label>$INFO[System.AddonTitle(script.cinema.experience)]</label>
							<onclick>Playlist.Clear</onclick>
							<onclick>Dialog.Close(DialogVideoInfo.xml)</onclick>
							<onclick>RunScript(script.cinema.experience,movieid=$INFO[ListItem.DBID])</onclick>
                            <visible>Skin.HasSetting(videoinfo_button_cinemaexperience)</visible>
							<visible>System.HasAddon(script.cinema.experience) + String.IsEqual(ListItem.DBTYPE,movie) + !String.Contains(Container.FolderPath,plugin)</visible>
						</control>
                        <control type="button" id="7">
                            <!--set personal rating-->
                            <width>290</width>
                            <label>$LOCALIZE[38018]: $INFO[ListItem.UserRating]</label>
                            <visible>!Skin.HasSetting(KioskMode.Enabled)</visible>
                            <visible>Skin.HasSetting(videoinfo_button_myrating)</visible>
                            <visible>Control.IsEnabled(7)</visible>
                        </control>
						<control type="button" id="14">
							<!--Get video versions-->
							<description>Versions</description>
							<width>285</width>
							<height>60</height>
							<align>center</align>
							<textoffsetx>0</textoffsetx>
							<label>$LOCALIZE[40000]</label>
							<visible>String.IsEqual(ListItem.DBType,movie)</visible>
                            <visible>Skin.HasSetting(videoinfo_button_videoversions)</visible>
						</control>
						<control type="button" id="15">
							<!--Get video extras-->
							<description>Extras</description>
							<width>285</width>
							<height>60</height>
							<align>center</align>
							<textoffsetx>0</textoffsetx>
							<label>$LOCALIZE[40211]</label>
							<visible>String.IsEqual(ListItem.DBType,movie)</visible>
                            <visible>Skin.HasSetting(videoinfo_button_videoextras)</visible>
						</control>
						<control type="button" id="211">
							<description>Fetch TvTunes stuff</description>
							<width>285</width>
							<height>60</height>
							<align>center</align>
							<textoffsetx>0</textoffsetx>
							<label>$LOCALIZE[31300]</label>
							<onclick>RunScript(script.tvtunes,mode=solo)</onclick>
							<visible>Skin.HasSetting(videoinfo_button_tvtunes)</visible>
							<visible>System.HasAddon(script.tvtunes) + [String.IsEqual(ListItem.DBTYPE,movie) | String.IsEqual(ListItem.DBTYPE,tvshow) | String.IsEqual(ListItem.DBTYPE,musicvideo)] + String.IsEmpty(Window(movieinformation).Property(TvTunes_HideVideoInfoButton))</visible>
							<visible>false</visible>
						</control>
						<!-- Artwork -->
						<control type="button" id="104">
							<!--If AB is installed open Custom_MediaDialog, otherwise use build in Dialog with id=10   -->
							<label>$LOCALIZE[13511]</label>
							<width>285</width>
							<height>60</height>
							<align>center</align>
							<textoffsetx>0</textoffsetx>
							<description>Get Artwork</description>
							<onclick condition="System.HasAddon(script.artwork.beef)">ActivateWindow(3004)</onclick>
							<onclick condition="!System.HasAddon(script.artwork.beef)">SendClick(12003,10)</onclick>
							<visible>!Skin.HasSetting(KioskMode.Enabled)</visible>
							<visible>Skin.HasSetting(videoinfo_button_artwork)</visible>
						</control>
						<control type="button" id="6">
							<!--Refresh-->
							<label>$LOCALIZE[184]</label>
							<width>285</width>
							<height>60</height>
							<align>center</align>
							<textoffsetx>0</textoffsetx>
                            <visible>Skin.HasSetting(videoinfo_button_refresh)</visible>
						</control>
						<control type="radiobutton" id="9300">
							<!--discart-->
							<width>340</width>
							<height>60</height>
							<label>$LOCALIZE[31200]</label>
							<align>left</align>
							<textoffsetx>20</textoffsetx>
							<onclick>Skin.ToggleSetting(VideoInfo_ShowCDart)</onclick>
							<selected>Skin.HasSetting(VideoInfo_ShowCDart)</selected>
                            <visible>Skin.HasSetting(videoinfo_button_discart)</visible>
						</control>
                        <control type="radiobutton" id="3052">
                            <!--Hide panel behind moviedetails-->
                            <label>$LOCALIZE[31155]</label>
                            <width>530</width>
                            <textoffsetx>20</textoffsetx>
                            <align>left</align>
                            <onclick>Skin.ToggleSetting(DialogVideoInfoHidePanel)</onclick>
                            <selected>Skin.HasSetting(DialogVideoInfoHidePanel)</selected>
                            <visible>Skin.HasSetting(videoinfo_button_panel)</visible>
                        </control>
					</control>
					<!--Arrow-->
                    <control type="image">
                        <animation effect="fade" start="100" end="50" tween="sine" easing="inout" time="800" pulse="true" reversible="false" condition="true">Conditional</animation>
                        <left>1880</left>
                        <top></top>
                        <bottom>20</bottom>
                        <!-- <top>50</top> -->
                        <width>20</width>
                        <height>60</height>
                        <aspectratio>keep</aspectratio>
                        <texture>dialogs/videoinfo/arrow.png</texture>
                        <visible>!Control.HasFocus(51)</visible>
                        <colordiffuse>$INFO[Skin.String(ViewDetailsTextColor)]</colordiffuse>
                        <visible>Container(8000).HasNext</visible>
                    </control>
                    <control type="image">
                        <animation effect="fade" start="100" end="50" tween="sine" easing="inout" time="800" pulse="true" reversible="false" condition="true">Conditional</animation>
                        <left>35</left>
                        <top></top>
                        <bottom>20</bottom>
                        <!-- <top>50</top> -->
                        <width>20</width>
                        <height>60</height>
                        <aspectratio>keep</aspectratio>
                        <texture flipx="true">dialogs/videoinfo/arrow.png</texture>
                        <visible>!Control.HasFocus(51)</visible>
                        <colordiffuse>$INFO[Skin.String(ViewDetailsTextColor)]</colordiffuse>
                        <visible>Container(8000).HasPrevious</visible>
                    </control>
					<control type="group">
						<visible>String.IsEmpty(Window.Property(AdditionalInfo))</visible>
						<visible>!Window.IsActive(script-script.extendedinfo-DialogVideoInfo.xml) + !Window.IsActive(script-script.extendedinfo-DialogInfo.xml)</visible>
						<include>animation_window_open_close</include>
						<!--Info-->
						<control type="grouplist">
							<left>65</left>
							<top>230</top>
							<width>1800</width>
							<height>820</height>
							<orientation>vertical</orientation>
							<!-- PLOT -->
							<control type="textbox">
								<left>0</left>
								<top>0</top>
								<width>1150</width>
								<height>215</height>
								<label>$VAR[Plots]</label>
								<textcolor>$INFO[Skin.String(ViewDetailsTextColor)]</textcolor>
								<shadowcolor>$INFO[Skin.String(ViewDetailsTextShadowColor)]</shadowcolor>
								<align>justify</align>
								<font>Reg26</font>
                                <visible>!String.IsEqual(Window(Home).Property(TrailerPlaying),windowed)</visible>
							</control>
                            <control type="textbox">
								<left>0</left>
								<top>0</top>
								<width>1790</width>
								<height>215</height>
								<label>$VAR[Plots]</label>
								<textcolor>$INFO[Skin.String(ViewDetailsTextColor)]</textcolor>
								<shadowcolor>$INFO[Skin.String(ViewDetailsTextShadowColor)]</shadowcolor>
								<align>justify</align>
								<font>Reg26</font>
                                <visible>String.IsEqual(Window(Home).Property(TrailerPlaying),windowed)</visible>
							</control>
							<control type="image">
								<width>1120</width>
								<height>1</height>
								<texture>colors/color_white.png</texture>
                                <colordiffuse>$INFO[Skin.String(ViewDetailsTextColor)]</colordiffuse>
							</control>
							<control type="group">
								<!--Premiered or Year -->
								<width>950</width>
								<height>40</height>
								<visible>!String.IsEmpty(Window(Home).Property(Skinhelper.Listitem.Premiered.formatted)) | !String.IsEmpty(ListItem.Year) | !String.IsEmpty(Listitem.Premiered)</visible>
								<control type="image">
									<left>0</left>
									<top>3</top>
									<width>49</width>
									<height>49</height>
                                    <colordiffuse>$INFO[Skin.String(ViewDetailsTextColor)]</colordiffuse>
									<texture>dialogs/videoinfo/premiered-icon.png</texture>
								</control>
								<control type="label">
									<left>60</left>
									<top>0</top>
									<width>530</width>
									<font>Reg26</font>
									<align>left</align>
									<label>$VAR[premiere_date]</label>
									<textcolor>$INFO[Skin.String(ViewDetailsTextColor)]</textcolor>
									<shadowcolor>$INFO[Skin.String(ViewDetailsTextShadowColor)]</shadowcolor>
									<scroll>false</scroll>
								</control>
								<control type="image">
									<left>550</left>
									<top>3</top>
									<width>49</width>
									<height>49</height>
                                    <colordiffuse>$INFO[Skin.String(ViewDetailsTextColor)]</colordiffuse>
									<texture>dialogs/videoinfo/time-icon.png</texture>
								</control>
								<control type="label">
									<left>610</left>
									<top>0</top>
									<width>530</width>
									<font>Reg26</font>
									<align>left</align>
									<label>$VAR[ListItemDurationWithEndTime]</label>
									<textcolor>$INFO[Skin.String(ViewDetailsTextColor)]</textcolor>
									<shadowcolor>$INFO[Skin.String(ViewDetailsTextShadowColor)]</shadowcolor>
                                    <visible>String.IsEmpty(ListItem.Property(TotalEpisodes))</visible>
									<scroll>false</scroll>
								</control>
                                <control type="label">
									<top>0</top>
                                    <left>610</left>
									<width>580</width>
									<font>Reg26</font>
									<align>left</align>
									<label>$INFO[ListItem.Property(TotalEpisodes),$LOCALIZE[20360]: ,  •  ]$INFO[ListItem.Property(unWatchedepisodes),$LOCALIZE[31092]: ,]</label>
									<textcolor>$INFO[Skin.String(ViewDetailsTextColor)]</textcolor>
									<shadowcolor>$INFO[Skin.String(ViewDetailsTextShadowColor)]</shadowcolor>
									<scroll>false</scroll>
                                    <visible>!String.IsEmpty(ListItem.Property(TotalEpisodes))</visible>
								</control>
							</control>
							<control type="group">
								<!--Director and Writer -->
								<width>530</width>
								<height>40</height>
								<visible>!String.IsEmpty(ListItem.Director) + !String.IsEmpty(ListItem.Writer)</visible>
								<!-- cartman.dos -->
								<!-- <visible>!Player.HasVideo</visible> -->
								<!-- Ende cartman.dos -->
								<control type="image">
									<left>0</left>
									<top>5</top>
									<width>49</width>
									<height>49</height>
                                    <colordiffuse>$INFO[Skin.String(ViewDetailsTextColor)]</colordiffuse>
									<texture>dialogs/videoinfo/director-icon.png</texture>
									<visible>!String.IsEmpty(ListItem.Director)</visible>
								</control>
								<control type="label">
									<left>60</left>
									<top>0</top>
									<width>500</width>
									<font>Reg26</font>
									<align>left</align>
									<label>$INFO[ListItem.Director]</label>
									<textcolor>$INFO[Skin.String(ViewDetailsTextColor)]</textcolor>
									<shadowcolor>$INFO[Skin.String(ViewDetailsTextShadowColor)]</shadowcolor>
									<scroll>false</scroll>
									<visible>!String.IsEmpty(ListItem.Director)</visible>
								</control>
								<control type="image">
									<left>550</left>
									<top>2</top>
									<width>49</width>
									<height>49</height>
                                    <colordiffuse>$INFO[Skin.String(ViewDetailsTextColor)]</colordiffuse>
									<texture>dialogs/videoinfo/writer-icon.png</texture>
									<visible>!String.IsEmpty(ListItem.Writer)</visible>
								</control>
								<control type="label">
									<left>610</left>
									<top>0</top>
									<width>530</width>
									<font>Reg26</font>
									<align>left</align>
									<label>$INFO[ListItem.Writer]</label>
									<textcolor>$INFO[Skin.String(ViewDetailsTextColor)]</textcolor>
									<shadowcolor>$INFO[Skin.String(ViewDetailsTextShadowColor)]</shadowcolor>
									<scroll>false</scroll>
									<visible>!String.IsEmpty(ListItem.Writer)</visible>
								</control>
							</control>
							<control type="group">
								<!--Genre and studio-->
								<width>1150</width>
								<height>40</height>
								<visible>!String.IsEmpty(ListItem.Genre)</visible>
								<!-- cartman.dos -->
								<!-- <visible>!Player.HasVideo</visible> -->
								<!-- Ende cartman.dos -->
								<control type="image">
									<left>0</left>
									<top>5</top>
									<width>49</width>
									<height>49</height>
                                    <colordiffuse>$INFO[Skin.String(ViewDetailsTextColor)]</colordiffuse>
									<texture>dialogs/videoinfo/genre-icon.png</texture>
									<visible>!String.IsEmpty(ListItem.Genre)</visible>
								</control>
								<control type="label">
									<left>60</left>
									<top>0</top>
									<width>500</width>
									<font>Reg26</font>
									<align>left</align>
									<label>$INFO[ListItem.Genre]</label>
									<textcolor>$INFO[Skin.String(ViewDetailsTextColor)]</textcolor>
									<shadowcolor>$INFO[Skin.String(ViewDetailsTextShadowColor)]</shadowcolor>
									<scroll>false</scroll>
									<visible>!String.IsEmpty(ListItem.Genre)</visible>
								</control>
								<control type="image">
									<left>550</left>
									<top>2</top>
									<width>49</width>
									<height>49</height>
                                    <colordiffuse>$INFO[Skin.String(ViewDetailsTextColor)]</colordiffuse>
									<texture>dialogs/videoinfo/tvstudio-icon.png</texture>
									<visible>!String.IsEmpty(ListItem.Studio)</visible>
								</control>
								<control type="label">
									<left>610</left>
									<top>0</top>
									<width>530</width>
									<font>Reg26</font>
									<align>left</align>
									<label>$INFO[ListItem.Studio]</label>
									<textcolor>$INFO[Skin.String(ViewDetailsTextColor)]</textcolor>
									<shadowcolor>$INFO[Skin.String(ViewDetailsTextShadowColor)]</shadowcolor>
									<scroll>false</scroll>
									<visible>!String.IsEmpty(ListItem.Studio)</visible>
								</control>
							</control>
                            <control type="group">
								<!--videocodec and audiocodec-->
								<width>1150</width>
								<height>40</height>
								<visible>!String.IsEmpty(ListItem.VideoCodec) | !String.IsEmpty(Window(Home).Property(SkinHelper.ListItem.VideoCodec))</visible>
								<control type="image">
									<left>10</left>
									<top>15</top>
									<width>30</width>
									<height>30</height>
                                    <colordiffuse>$INFO[Skin.String(ViewDetailsTextColor)]</colordiffuse>
									<texture>flags/video.png</texture>
								</control>
								<control type="label">
									<left>60</left>
									<top>0</top>
									<width>500</width>
									<font>Reg26</font>
									<align>left</align>
									<label>[UPPERCASE]$VAR[VideoFileTypeVar,, • ]$VAR[VideoCodecVar,, • ]$VAR[VideoAspectVar,, • ]$VAR[VideoResolutionVar][/UPPERCASE]</label>
									<textcolor>$INFO[Skin.String(ViewDetailsTextColor)]</textcolor>
									<shadowcolor>$INFO[Skin.String(ViewDetailsTextShadowColor)]</shadowcolor>
									<scroll>false</scroll>
								</control>
                                <control type="image">
									<left>560</left>
									<top>15</top>
									<width>36</width>
									<height>36</height>
                                    <colordiffuse>$INFO[Skin.String(ViewDetailsTextColor)]</colordiffuse>
									<texture>flags/audio.png</texture>
								</control>
								<control type="label">
									<left>610</left>
									<top>0</top>
									<width>530</width>
									<font>Reg26</font>
									<align>left</align>
									<label>[UPPERCASE]$INFO[Window(home).Property(SkinHelper.ListItem.AllAudioStreams)][/UPPERCASE]</label>
									<textcolor>$INFO[Skin.String(ViewDetailsTextColor)]</textcolor>
									<shadowcolor>$INFO[Skin.String(ViewDetailsTextShadowColor)]</shadowcolor>
									<scroll>false</scroll>
								</control>
							</control>
                            <control type="group">
								<!--MPAA RATING and SUBTITLES-->
								<width>1150</width>
								<height>40</height>
								<visible>!String.IsEmpty(Window(Home).Property(SkinHelper.ListItem.Subtitles)) | !String.IsEmpty(ListItem.Mpaa) | !String.IsEmpty(ListItem.Rating)</visible>
								<control type="image">
									<left>8</left>
									<top>15</top>
									<width>36</width>
									<height>36</height>
                                    <colordiffuse>$INFO[Skin.String(ViewDetailsTextColor)]</colordiffuse>
									<texture>flags/subtitles.png</texture>
                                    <visible>!String.IsEmpty(Window(Home).Property(SkinHelper.ListItem.Subtitles))</visible>
								</control>
								<control type="label">
									<left>60</left>
									<top>0</top>
									<width>500</width>
									<font>Reg26</font>
									<align>left</align>
									<label>[UPPERCASE]$INFO[Window(Home).Property(SkinHelper.ListItem.Subtitles)][/UPPERCASE]</label>
									<textcolor>$INFO[Skin.String(ViewDetailsTextColor)]</textcolor>
									<shadowcolor>$INFO[Skin.String(ViewDetailsTextShadowColor)]</shadowcolor>
									<scroll>false</scroll>
								</control>
                                <control type="image">
									<left>560</left>
									<top>15</top>
									<width>30</width>
									<height>30</height>
                                    <colordiffuse>$INFO[Skin.String(ViewDetailsTextColor)]</colordiffuse>
									<texture>flags/mpaa.png</texture>
                                    <visible>!String.IsEmpty(ListItem.Mpaa) + !String.IsEmpty(Window(Home).Property(SkinHelper.ListItem.Subtitles))</visible>
								</control>
								<control type="label">
									<left>610</left>
									<top>0</top>
									<width>530</width>
									<font>Reg26</font>
									<align>left</align>
									<label fallback="?">$INFO[ListItem.Mpaa]</label>
									<textcolor>$INFO[Skin.String(ViewDetailsTextColor)]</textcolor>
									<shadowcolor>$INFO[Skin.String(ViewDetailsTextShadowColor)]</shadowcolor>
									<scroll delay="4000">true</scroll>
                                    <visible>!String.IsEmpty(ListItem.Mpaa) + !String.IsEmpty(Window(Home).Property(SkinHelper.ListItem.Subtitles))</visible>
								</control>
                                <!-- mpaa at left side for tvshows -->
                                <control type="image">
									<left>8</left>
									<top>15</top>
									<width>30</width>
									<height>30</height>
                                    <colordiffuse>$INFO[Skin.String(ViewDetailsTextColor)]</colordiffuse>
									<texture>flags/mpaa.png</texture>
                                    <visible>!String.IsEmpty(ListItem.Mpaa) + String.IsEmpty(Window(Home).Property(SkinHelper.ListItem.Subtitles))</visible>
								</control><control type="label">
									<left>60</left>
									<top>0</top>
									<width>1230</width>
									<font>Reg26</font>
									<align>left</align>
									<label fallback="?">$INFO[ListItem.Mpaa]</label>
									<textcolor>$INFO[Skin.String(ViewDetailsTextColor)]</textcolor>
									<shadowcolor>$INFO[Skin.String(ViewDetailsTextShadowColor)]</shadowcolor>
									<scroll delay="4000">true</scroll>
                                    <visible>!String.IsEmpty(ListItem.Mpaa) + String.IsEmpty(Window(Home).Property(SkinHelper.ListItem.Subtitles))</visible>
								</control>
							</control>
                            <control type="group">
								<!--Ratings-->
								<width>1150</width>
								<height>40</height>
								<control type="image">
									<left>8</left>
									<top>15</top>
									<width>36</width>
									<height>36</height>
                                    <colordiffuse>$INFO[Skin.String(ViewDetailsTextColor)]</colordiffuse>
									<texture>flags/rating.png</texture>
                                    <visible>!String.IsEmpty(ListItem.RatingAndVotes)</visible>
								</control>
								<control type="label">
									<left>60</left>
									<top>0</top>
									<width>500</width>
									<font>Reg26</font>
									<align>left</align>
									<label>$INFO[ListItem.RatingAndVotes,$LOCALIZE[563]: ]</label>
									<textcolor>$INFO[Skin.String(ViewDetailsTextColor)]</textcolor>
									<shadowcolor>$INFO[Skin.String(ViewDetailsTextShadowColor)]</shadowcolor>
                                    <visible>!String.IsEmpty(ListItem.RatingAndVotes)</visible>
									<scroll>false</scroll>
								</control>
								<control type="image">
									<left>560</left>
									<top>15</top>
									<width>30</width>
									<height>30</height>
                                    <colordiffuse>$INFO[Skin.String(ViewDetailsTextColor)]</colordiffuse>
									<texture>flags/tomato.png</texture>
                                    <visible>!String.IsEmpty(Window(Home).Property(SkinHelper.ListItem.RottenTomatoes.Meter))</visible>
								</control>
								<control type="label">
									<left>610</left>
									<top>0</top>
									<width>530</width>
									<font>Reg26</font>
									<align>left</align>
									<label>$INFO[Window(Home).Property(SkinHelper.ListItem.RottenTomatoes.Meter),$LOCALIZE[31608]: ,%]$INFO[Window(Home).Property(SkinHelper.ListItem.RottenTomatoes.UserMeter), $LOCALIZE[31609]: ,%]</label>
									<textcolor>$INFO[Skin.String(ViewDetailsTextColor)]</textcolor>
									<shadowcolor>$INFO[Skin.String(ViewDetailsTextShadowColor)]</shadowcolor>
									<scroll>false</scroll>
                                    <visible>!String.IsEmpty(Window(Home).Property(SkinHelper.ListItem.RottenTomatoes.Meter))</visible>
								</control>                       							
                            </control>
                            <control type="image">
								<width>1150</width>
								<height>10</height>
								<texture>colors/color_transparent.png</texture>
							</control>
                           <control type="image">
								<width>1120</width>
								<height>1</height>
								<texture>colors/color_white.png</texture>
                                <colordiffuse>$INFO[Skin.String(ViewDetailsTextColor)]</colordiffuse>
							</control>
                            <!-- Rotten Tomatoes details -->
                            <control type="textbox">
                                <left>0</left>
                                <top>15</top>
                                <width>1150</width>
                                <height max="110">auto</height>
                                <font>Light26</font>
                                <align>left</align>
                                <label>$INFO[Window(Home).Property(SkinHelper.ListItem.Awards),[B]$LOCALIZE[31610]: [/B]]$INFO[Window(Home).Property(SkinHelper.ListItem.RottenTomatoes.Consensus), [B]$LOCALIZE[31611]: [/B]]</label>
                                <textcolor>$INFO[Skin.String(ViewDetailsTextColor)]</textcolor>
                                <shadowcolor>$INFO[Skin.String(ViewDetailsTextShadowColor)]</shadowcolor>
                                <scroll>false</scroll>
                                <visible>!String.IsEmpty(Window(Home).Property(SkinHelper.ListItem.RottenTomatoes.Consensus)) | !String.IsEmpty(Window(Home).Property(SkinHelper.ListItem.Awards))</visible>
                            </control>
                            <control type="image">
								<width>1150</width>
								<height>15</height>
								<texture>colors/color_transparent.png</texture>
							</control>
                            <!-- Status-->
                            <control type="label">
                                <width>1150</width>
								<height>40</height>
                                <font>Light26</font>
                                <align>left</align>
                                <label>[B]$LOCALIZE[126]:[/B] $INFO[Window(Home).Property(SkinHelper.ListItem.Status)]</label>
                                <textcolor>$INFO[Skin.String(ViewDetailsTextColor)]</textcolor>
                                <shadowcolor>$INFO[Skin.String(ViewDetailsTextShadowColor)]</shadowcolor>
                                <scroll>false</scroll>
                                <visible>String.IsEqual(Window(Home).Property(contenttype),tvshows)</visible>
                                <visible>String.IsEmpty(Window(Home).Property(SkinHelper.ListItem.NextEpisode.airdate.Label))</visible>
                            </control>
                            <!-- tvdb returning series status-->
                            <control type="label">
                                <width>1150</width>
                                <height>40</height>
                                <font>Light26</font>
                                <align>left</align>
                                <label>[B]$LOCALIZE[126]:[/B] $INFO[Window(Home).Property(SkinHelper.ListItem.Status)] - $INFO[Window(Home).Property(SkinHelper.ListItem.airdaytime.label)]</label>
                                <textcolor>$INFO[Skin.String(ViewDetailsTextColor)]</textcolor>
                                <shadowcolor>$INFO[Skin.String(ViewDetailsTextShadowColor)]</shadowcolor>
                                <scroll>false</scroll>
                                <visible>!String.IsEmpty(Window(Home).Property(SkinHelper.ListItem.NextEpisode.airdate.Label))</visible>
                            </control>
							<!--Last aired episode-->
                            <control type="label">
                                <width>1150</width>
                                <height>40</height>
                                <font>Light26</font>
                                <align>left</align>
                                <label>[B]$LOCALIZE[31214]:[/B] $INFO[Window(Home).Property(SkinHelper.ListItem.Lastepisode.airdate.Label)]</label>
                                <textcolor>$INFO[Skin.String(ViewDetailsTextColor)]</textcolor>
                                <shadowcolor>$INFO[Skin.String(ViewDetailsTextShadowColor)]</shadowcolor>
                                <visible>!String.IsEmpty(Window(Home).Property(SkinHelper.ListItem.LastEpisode.airdate.Label))</visible>
                                <scroll>false</scroll>
                            </control>
							<!--Next aired episode-->
                            <control type="label">
                                <width>1150</width>
                                <height>40</height>
                                <font>Light26</font>
                                <align>left</align>
                                <label>[B]$LOCALIZE[31212]:[/B] $INFO[Window(Home).Property(SkinHelper.ListItem.NextEpisode.airdate.Label)]</label>
                                <textcolor>$INFO[Skin.String(ViewDetailsTextColor)]</textcolor>
                                <shadowcolor>$INFO[Skin.String(ViewDetailsTextShadowColor)]</shadowcolor>
                                <scroll>false</scroll>
                                <visible>!String.IsEmpty(Window(Home).Property(SkinHelper.ListItem.NextEpisode.airdate.Label))</visible>
                            </control>
                            <!--filename-->
                            <control type="label">
                                <width>1150</width>
								<height>40</height>
                                <font>Reg20</font>
                                <align>left</align>
                                <scroll>true</scroll>
                                <label>$VAR[VideoInfoFileName,[B]$LOCALIZE[21800]: [/B]]</label>
                                <textcolor>$INFO[Skin.String(ViewDetailsTextColor)]</textcolor>
                                <shadowcolor>$INFO[Skin.String(ViewDetailsTextShadowColor)]</shadowcolor>
                                <visible>!String.IsEmpty(ListItem.FileNameAndPath) + !Skin.HasSetting(DialogVideoInfo_HideFileName)</visible>
                                <visible>String.IsEmpty(Window.Property(AdditionalInfo))</visible>
                            </control>
						</control>
                        <!-- Poster image -->
                        <control type="group">
                            <visible>!String.IsEqual(Window(Home).Property(TrailerPlaying),windowed)</visible>
                            <control type="image">
                                <!--cdart image-->
                                <left></left>
								<right>50</right>
                                <top>310</top>
                                <width>500</width>
                                <height>500</height>
                                <texture background="true" diffuse="diffuse/cdmask_new.png" fallback="defaultcovers/cd_big.png">$VAR[DiscArtImage]</texture>
                                <aspectratio scalediffuse="false" align="center" aligny="center">scale</aspectratio>
                                <animation effect="slide" start="0" end="-190" tween="cubic" easing="inout" time="600" delay="100">WindowOpen</animation>
                                <animation effect="fade" start="0" end="100" delay="0" time="2400" pulse="false">WindowOpen</animation>
                                <animation effect="fade" start="100" end="0" delay="0" time="150" pulse="false" condition="!Skin.HasSetting(VideoInfo_ShowCDart)">Conditional</animation>
                                <animation effect="rotate" end="-90" center="auto" time="600" loop="false" reversible="false" condition="!Skin.HasSetting(AnimateDiscArt)">Conditional</animation>
                                <animation effect="rotate" end="-360" center="auto" time="20000" delay="0" loop="true" reversible="false" condition="Skin.HasSetting(AnimateDiscArt)">Conditional</animation>
                                <visible>!String.IsEmpty(ListItem.Art(poster)) | !String.IsEmpty(ListItem.Art(tvshow.poster)) | !String.IsEmpty(ListItem.Property(TVShowThumb))</visible>
                            </control>
                            <control type="image">
                                <!--poster-->
                                <left></left>
								<right>50</right>
                                <top>210</top>
                                <width>490</width>
                                <height>67%</height>
                                <aspectratio align="right" aligny="top" scalediffuse="true">keep</aspectratio>
                                <texture background="true" diffuse="diffuse/poster.png" fallback="DefaultVideo.png" border="5">$VAR[VideoInfoPosterImage]</texture>
                            </control>
                            <!-- IMDB Top 250 -->
                            <control type="group">
                                <height>70</height>
                                <width>85</width>
                                <top>235</top>
                                <right>580</right>
                                <include>ImdbTop250</include>
                                <visible>!String.IsEmpty(Window(Home).Property(SkinHelper.ListItem.IMDB.Top250))</visible>
                            </control>
                            <control type="group">
                                <right>50</right>
                                <top>210</top>
                                <include>WatchedIndicatorLarge</include>
                            </control>
                        </control>
                        <!-- trailers video preview -->
                        <control type="group">
                            <right>60</right>
                            <top>415</top>
                            <width>661</width>
                            <height>371</height>
                            <visible>String.IsEqual(Window(Home).Property(TrailerPlaying),windowed)</visible>
                            <control type="image">
                                <texture border="15">diffuse/bgpanel.png</texture>
                                <colordiffuse>black</colordiffuse>
                            </control>
                            <control type="videowindow">
                            </control>
                        </control>
                    </control>
					
                    <!-- Large Plot -->
					<control type="group">
						<visible>String.IsEqual(Window.Property(AdditionalInfo),plot)</visible>
						<onback>8000</onback>
						<!--Info-->
						<control type="grouplist">
							<left>65</left>
							<top>230</top>
							<width>1800</width>
							<height>820</height>
							<orientation>vertical</orientation>
							<!-- PLOT -->
							<control type="textbox">
								<left>0</left>
								<top>0</top>
								<width>1100</width>
								<height>600</height>
								<label>$VAR[Plots]</label>
								<textcolor>$INFO[Skin.String(ViewDetailsTextColor)]</textcolor>
								<shadowcolor>$INFO[Skin.String(ViewDetailsTextShadowColor)]</shadowcolor>
								<align>justify</align>
								<font>Reg30</font>
							</control>
						</control>
                        <!-- Poster image -->
                        <control type="group">
                            <visible>!String.IsEqual(Window(Home).Property(TrailerPlaying),windowed)</visible>
                            <control type="image">
                                <!--cdart image-->
                                <left></left>
				     		    <right>50</right>
                                <top>310</top>
                                <width>500</width>
                                <height>500</height>
                                <texture background="true" diffuse="diffuse/cdmask_new.png" fallback="defaultcovers/cd_big.png">$VAR[DiscArtImage]</texture>
                                <aspectratio scalediffuse="false" align="center" aligny="center">scale</aspectratio>
                                <animation effect="slide" start="0" end="-190" tween="cubic" easing="inout" time="600" delay="100">WindowOpen</animation>
                                <animation effect="fade" start="0" end="100" delay="0" time="2400" pulse="false">WindowOpen</animation>
                                <animation effect="fade" start="100" end="0" delay="0" time="150" pulse="false" condition="!Skin.HasSetting(VideoInfo_ShowCDart)">Conditional</animation>
                                <animation effect="rotate" end="-90" center="auto" time="600" loop="false" reversible="false" condition="!Skin.HasSetting(AnimateDiscArt)">Conditional</animation>
                                <animation effect="rotate" end="-360" center="auto" time="20000" delay="0" loop="true" reversible="false" condition="Skin.HasSetting(AnimateDiscArt)">Conditional</animation>
                                <visible>!String.IsEmpty(ListItem.Art(poster)) | !String.IsEmpty(ListItem.Art(tvshow.poster)) | !String.IsEmpty(ListItem.Property(TVShowThumb))</visible>
                            </control>
                            <control type="image">
                                <!--poster-->
                                <left></left>
								<right>50</right>
                                <top>210</top>
                                <width>490</width>
                                <height>67%</height>
                                <aspectratio align="right" aligny="top" scalediffuse="true">keep</aspectratio>
                                <texture background="true" diffuse="diffuse/poster.png" fallback="DefaultVideo.png" border="5">$VAR[VideoInfoPosterImage]</texture>
                            </control>
                            <!-- IMDB Top 250 -->
                            <control type="group">
                                <height>70</height>
                                <width>85</width>
                                <top>235</top>
                                <right>580</right>
                                <include>ImdbTop250</include>
                                <visible>!String.IsEmpty(Window(Home).Property(SkinHelper.ListItem.IMDB.Top250))</visible>
                            </control>
                            <control type="group">
                                <right>50</right>
                                <top>210</top>
                                <include>WatchedIndicatorLarge</include>
                            </control>
                        </control>
                    </control>
					
					<!--Cast List-->
                    <!-- normal cast details as hidden list -->
                    <control type="list" id="50">
                        <left>1</left>
                        <top>1</top>
                        <width>1</width>
                        <height>1</height>
                        <itemlayout />
                        <focusedlayout />
                        <onup>8000</onup>
                        <onleft>8000</onleft>
                        <onright>8000</onright>
                        <ondown>8000</ondown>
                        <visible allowhiddenfocus="true">false</visible>
                    </control>
                    <!-- extendedinfo cast list -->
                    <control type="panel" id="351">
                        <left>63</left>
                        <top>220</top>
                        <width>1750</width>
                        <height>714</height>
                        <onup></onup>
                        <ondown>8000</ondown>
						<onright>601</onright>
						<onleft>601</onleft>
                        <!-- <onleft>ClearProperty(AdditionalInfo)</onleft> -->
                        <onback>8000</onback>
                        <!-- <onleft>SetFocus(8000)</onleft> -->
                        <scrolltime>200</scrolltime>
                        <orientation>vertical</orientation>
                        <focusposition>0</focusposition>
						<pagecontrol>601</pagecontrol>
                        <animation effect="fade" start="100" end="25" time="0" condition="Container(351).IsUpdating">Conditional</animation>
                        <animation effect="slide" start="0,0" end="0,1000" time="0" delay="0" condition="!String.IsEqual(Window.Property(AdditionalInfo),cast)">Conditional</animation>
                        <viewtype label="actor list">list</viewtype>
                        <visible allowhiddenfocus="true">String.IsEqual(Window.Property(AdditionalInfo),cast)</visible>
						<include>animation_window_open_close</include>
                        <itemlayout height="357" width="240">
                            <control type="group">
                                <width>233</width>
                                <height>342</height>
                                <control type="image">
                                    <include>PosterThumbBG</include>
                                </control>
                                <control type="image">
                                    <texture border="1" diffuse="diffuse/poster.png" background="true" fallback="DefaultActor.png">$INFO[ListItem.Art(thumb)]</texture>
                                    <aspectratio scalediffuse="true" aligny="top" align="center">scale</aspectratio>
                                    <bordersize>8</bordersize>
                                </control>
								<!--Panel-->
								<control type="image">
                                    <top></top>
									<bottom>-1</bottom>
									<height>70</height>
									<bordersize>8</bordersize>
									<texture diffuse="diffuse/poster.png">colors/color_white.png</texture>
									<colordiffuse>$INFO[Skin.String(TagOverlaysPanelColor)]</colordiffuse>
								</control>
								<control type="label">
									<left>10</left>
                                    <top></top>
									<bottom>0</bottom>
									<width>93%</width>
									<height>70</height>
									<align>left</align>
									<label>$INFO[Container(351).ListItem.Label2,[B],[/B][CR]]$INFO[Container(351).ListItem.Label]</label>
									<font>Reg18</font>
									<textcolor>$INFO[Skin.String(TagOverlaysTextColor)]</textcolor>
								</control>
                            </control>
                        </itemlayout>
                        <focusedlayout height="357" width="240">
                            <control type="group">
                                <width>233</width>
                                <height>342</height>
                                <control type="image">
                                    <include>PosterThumbFO</include>
                                </control>
                                <control type="image">
                                    <texture border="1" diffuse="diffuse/poster.png" background="true" fallback="DefaultActor.png">$INFO[ListItem.Art(thumb)]</texture>
                                    <aspectratio scalediffuse="true" aligny="top" align="center">scale</aspectratio>
                                    <bordersize>8</bordersize>
                                </control>
								<!--Panel-->
								<control type="image">
                                    <top></top>
									<bottom>-1</bottom>
									<height>70</height>
									<bordersize>8</bordersize>
									<texture diffuse="diffuse/poster.png">colors/color_white.png</texture>
									<colordiffuse>$INFO[Skin.String(TagOverlaysPanelColor)]</colordiffuse>
								</control>
								<control type="label">
									<left>10</left>
                                    <top></top>
									<bottom>0</bottom>
									<width>93%</width>
									<height>70</height>
									<align>left</align>
									<label>$INFO[Container(351).ListItem.Label2,[B],[/B][CR]]$INFO[Container(351).ListItem.Label]</label>
									<font>Reg18</font>
									<textcolor>$INFO[Skin.String(TagOverlaysTextColor)]</textcolor>
								</control>								
                            </control>
                            <control type="button">
                                <label></label>
                                <visible>false</visible>
                                <onfocus>SetProperty(actordbid,$INFO[ListItem.Property(DBID)],home)</onfocus>
                            </control>
                        </focusedlayout>
                        <content>$VAR[castInfo]</content>
                    </control>
					<!--scrollbar-->
					<control type="scrollbar" id="601"> 
						<left>1820</left>
						<top>230</top>
						<height>688</height>
						<onleft>351</onleft>
						<onright>351</onright>
						<showonepage>false</showonepage>
						<animation effect="fade" start="0" end="100" time="400" condition="Control.HasFocus(601) | Skin.HasSetting(EnableTouchSupport) | Container.Scrolling(351) | Skin.HasSetting(alwaysShowScrollbars)">Conditional</animation>
						<animation effect="fade" start="100" end="0" time="400" condition="![Control.HasFocus(601) | Skin.HasSetting(EnableTouchSupport) | Container.Scrolling(351) | Skin.HasSetting(alwaysShowScrollbars)]">Conditional</animation>
						<visible allowhiddenfocus="true">String.IsEqual(Window.Property(AdditionalInfo),cast)</visible>
					</control>	
					
                    <!-- cast info details -->
					<control type="group">
						<visible>false</visible>
						<!-- detailed view of focussed actor not used any longer -->
						<!-- <visible>String.IsEqual(Window.Property(AdditionalInfo),cast)</visible> -->
						<include>animation_window_open_close</include>
                        <!-- busy image while widget loading -->
                        <control type="multiimage">
                            <top>520</top>
                            <left>663</left>
                            <width>100</width>
                            <height>100</height>
                            <aspectratio>keep</aspectratio>
                            <imagepath>$INFO[Skin.String(SkinHelper.SpinnerTexture.Path)]</imagepath>
                            <timeperimage>100</timeperimage>
                            <colordiffuse>$INFO[Skin.String(SpinnerTexture.Color)]</colordiffuse>
                            <fadetime>0</fadetime>
                            <visible>!Skin.String(SkinHelper.SpinnerTexture.Path,None)</visible>
                            <visible>Control.IsVisible(351) + Container(351).IsUpdating</visible>
                        </control>
                        <control type="group">
                            <right>50</right>
                            <top>210</top>
                            <width>530</width>
                            <height>67%</height>
                            <control type="image">
                                <!--Actor Image-->
                                <description>Actor image</description>
                                <aspectratio align="center" aligny="top" scalediffuse="true">scale</aspectratio>
                                <texture background="true" diffuse="diffuse/poster.png" fallback="DefaultActor.png">$INFO[Container(351).ListItem.Art(thumb)]</texture>
                                <fadetime>300</fadetime>
                            </control>
                             <!--Panel-->
                            <control type="image">
                                <top></top>
								<bottom>-1</bottom>
                                <height>120</height>
                                <bordersize>0</bordersize>
                                <texture diffuse="diffuse/poster.png">colors/color_white.png</texture>
                                <colordiffuse>$INFO[Skin.String(TagOverlaysPanelColor)]</colordiffuse>
                            </control>
                            <control type="label">
                                <left>10</left>
                                <top></top>
                                <bottom>0</bottom>
                                <width>93%</width>
                                <height>120</height>
                                <align>left</align>
                                <label>$INFO[Container(351).ListItem.Label2,[B],[/B][CR]]$INFO[Container(351).ListItem.Label]</label>
                                <font>Reg32</font>
                                <textcolor>$INFO[Skin.String(TagOverlaysTextColor)]</textcolor>
                            </control>
                        </control>
                    </control>
                    
					<!--Similar List-->
					<control type="panel" id="352">
                        <left>63</left>
                        <top>220</top>
                        <width>1200</width>
                        <height>714</height>
                        <onup></onup>
                        <ondown>8000</ondown>
						<onright>602</onright>
						<onleft>602</onleft>
                        <!-- <onleft>ClearProperty(AdditionalInfo)</onleft> -->
                        <onback>8000</onback>
                        <!-- <onleft>SetFocus(8000)</onleft> -->
                        <scrolltime>200</scrolltime>
                        <orientation>vertical</orientation>
                        <focusposition>0</focusposition>
						<pagecontrol>602</pagecontrol>
                        <viewtype label="actor list">list</viewtype>
                        <visible allowhiddenfocus="true">String.IsEqual(Window.Property(AdditionalInfo),similar)</visible>
                        <animation effect="fade" start="100" end="25" time="0" condition="Container(352).IsUpdating">Conditional</animation>
                        <animation effect="slide" start="0,0" end="0,1000" time="0" delay="0" condition="!String.IsEqual(Window.Property(AdditionalInfo),similar)">Conditional</animation>
                        <!-- itemlayout movies -->
                        <itemlayout height="357" width="240">
                            <control type="group">
                                <width>233</width>
                                <height>342</height>
                                <include>PosterPanelLayout</include>
                            </control>
							<!--Panel-->
							<control type="image">
                                <top></top>
								<bottom>15</bottom>
								<width>233</width>
								<height>70</height>
								<bordersize>8</bordersize>
								<texture diffuse="diffuse/poster.png">colors/color_white.png</texture>
								<colordiffuse>$INFO[Skin.String(TagOverlaysPanelColor)]</colordiffuse>
							</control>
							<control type="label">
								<left>10</left>
                                <top></top>
								<bottom>15</bottom>
								<width>93%</width>
								<height>70</height>
								<align>left</align>
								<label>$INFO[Container(352).ListItem.Label2,[B],[/B][CR]]$INFO[Container(352).ListItem.Label]</label>
								<font>Reg18</font>
								<textcolor>$INFO[Skin.String(TagOverlaysTextColor)]</textcolor>
							</control>	
                        </itemlayout>
                        <focusedlayout height="357" width="240">
                            <control type="group">
                                <width>233</width>
                                <height>342</height>
                                <include>PosterPanelLayoutFocus</include>
                            </control>
							<!--Panel-->
							<control type="image">
                                <top></top>
								<bottom>15</bottom>
								<width>233</width>
								<height>70</height>
								<bordersize>8</bordersize>
								<texture diffuse="diffuse/poster.png">colors/color_white.png</texture>
								<colordiffuse>$INFO[Skin.String(TagOverlaysPanelColor)]</colordiffuse>
							</control>
							<control type="label">
                                <top></top>
								<left>10</left>
								<bottom>15</bottom>
								<width>93%</width>
								<height>70</height>
								<align>left</align>
								<label>$INFO[Container(352).ListItem.Label2,[B],[/B][CR]]$INFO[Container(352).ListItem.Label]</label>
								<font>Reg18</font>
								<textcolor>$INFO[Skin.String(TagOverlaysTextColor)]</textcolor>
							</control>	
                        </focusedlayout>
                        <content>$VAR[similarInfo]</content>
                    </control>
                    <!-- similar info details -->
                    <control type="group">
						<include>animation_window_open_close</include>
                        <visible allowhiddenfocus="true">String.IsEqual(Window.Property(AdditionalInfo),similar)</visible>
                        <control type="group">
							<!-- BACKGROUND -->							
							<control type="image">
								<left></left>
								<right>100</right>
								<top>220</top>
								<width>570</width>
								<height>700</height>
								<texture border="0">diffuse/poster.png</texture>
								<colordiffuse>$VAR[ViewDetailsPanelColor]</colordiffuse>
							</control>
							<!-- TITLE -->
							<control type="textbox">
								<left></left>
								<right>130</right>
								<top>250</top>
								<width>500</width>
								<height>50</height>
								<label>[B]$INFO[Container(352).ListItem.Title][/B]</label>
								<textcolor>$INFO[Skin.String(ViewDetailsTextColor)]</textcolor>
								<shadowcolor>$INFO[Skin.String(ViewDetailsTextShadowColor)]</shadowcolor>
								<align>justify</align>
								<font>Reg30</font>
							</control>
							<!-- PLOT -->
							<control type="textbox">
								<left></left>
								<right>130</right>
								<top>300</top>
								<width>500</width>
								<height>580</height>
								<label>$INFO[Container(352).ListItem.Plot]</label>
								<textcolor>$INFO[Skin.String(ViewDetailsTextColor)]</textcolor>
								<shadowcolor>$INFO[Skin.String(ViewDetailsTextShadowColor)]</shadowcolor>
								<align>justify</align>
								<font>Reg26</font>
							</control>
                        </control>
                    </control>
					<control type="scrollbar" id="602"> 
						<left>820</left>
						<top>230</top>
						<height>688</height>
						<onleft>352</onleft>
						<onright>352</onright>
						<showonepage>false</showonepage>
						<animation effect="fade" start="0" end="100" time="400" condition="Control.HasFocus(602) | Skin.HasSetting(EnableTouchSupport) | Container.Scrolling(352) | Skin.HasSetting(alwaysShowScrollbars)">Conditional</animation>
						<animation effect="fade" start="100" end="0" time="400" condition="![Control.HasFocus(602) | Skin.HasSetting(EnableTouchSupport) | Container.Scrolling(352) | Skin.HasSetting(alwaysShowScrollbars)]">Conditional</animation>
						<visible>String.IsEqual(Window.Property(AdditionalInfo),similar)</visible>
					</control>	
                </control>
			</control>
		</control>
        <include condition="Skin.HasSetting(DebugGrid) | Skin.HasSetting(DebugInfo)">DebugInfo</include>
	</controls>
</window>
