<?xml version="1.0" encoding="utf-8"?>
<window>
	<defaultcontrol always="true">1103</defaultcontrol>
	<!-- <include>DialogOverlayExtra</include> -->
	<controls>
		<include>DialogOverlayExtra</include>
		<control type="group" id="1">
			<!-- <include>animation_window_open_close</include> -->
			<visible>!Window.IsActive(1121) + !Window.IsActive(GameVideoFilter) + !Window.IsActive(GameStretchMode) + !Window.IsActive(GameControllers) + !Window.IsActive(GameVideoRotation) + !Window.IsActive(InGameSaves) + !Window.IsActive(GameAgents) + !Window.IsActive(GamePorts)</visible>
			<control type="group" id="10">
				<include>animation_window_open_close</include>
				<visible>System.GetBool(gamesgeneral.showosdhelp)</visible>
				<defaultcontrol always="true">1103</defaultcontrol>
				<centerleft>50%</centerleft>
				<height>1040</height>
				<centertop>50%</centertop>
				<width>700</width>
				<animation effect="fade" time="200">VisibleChange</animation>
				<control type="image">
                    <width>700</width>
                    <height>1040</height>
					<texture border="15">diffuse/bgpanel.png</texture>
					<colordiffuse>$INFO[Skin.String(GeneralPanelsColor)]</colordiffuse>
<!-- 					<texture border="5">diffuse/panel.png</texture>
					<colordiffuse>$VAR[ViewDetailsPanelColor]</colordiffuse> -->
				</control>
				<control type="image">
                    <width>700</width>
                    <height>1040</height>
					<bordersize>10</bordersize>
					<texture border="15">diffuse/bgpanel.png</texture>
					<colordiffuse>$INFO[Skin.String(GeneralPanelsColor)]</colordiffuse>
<!-- 					<texture border="5">diffuse/panel.png</texture>
					<colordiffuse>$VAR[ViewDetailsPanelColor]</colordiffuse> -->
				</control>
				
				<!-- Header-->
                <control type="label" id="2">
                    <top>10</top>
                    <width>700</width>
                    <include>DialogHeader</include>
                    <label>$LOCALIZE[35221]</label>
                    <align>center</align>
                </control>
				<control type="group" id="1000">
					<top>80</top>
					<control type="group" id="1100">
						<control type="textbox" id="1101">
							<description>Help text</description>
							<top>30</top>
							<left>30</left>
							<right>30</right>
							<height>130</height>
							<font>Reg26</font>
						</control>
						<control type="gamecontroller" id="1102">
							<top>160</top>
							<left>30</left>
							<width>640</width>
							<height>640</height>
						</control>
						<control type="textbox">
							<description>Additional help text. This will be removed in future versions.</description>
							<top></top>
							<bottom>30</bottom>
							<left>30</left>
							<right>30</right>
							<height>130</height>
							<font>Reg26</font>
							<label>$LOCALIZE[35236]</label>
						</control>
						<control type="button">
							<description>Button to close the dialog</description>
							<width>700</width>
							<height>960</height>
							<texturefocus />
							<texturenofocus />
							<onclick>Action(close)</onclick>
						</control>
					</control>
				</control>
			</control>
			<control type="group" id="20">
				<visible>!System.GetBool(gamesgeneral.showosdhelp)</visible>
				<animation effect="fade" end="0" time="0" reversible="false" condition="Window.IsVisible(yesnodialog) | Window.IsVisible(addonsettings)">Conditional</animation>
				<animation type="WindowOpen">
					<effect type="slide" start="1200" end="0" time="250" tween="cubic" easing="inout" />
				</animation>
				<animation type="WindowClose">
					<effect type="slide" start="0" end="1200" time="250" tween="cubic" easing="inout" />
				</animation>
				 <!--Panel-->
				<control type="image">
					<left>630</left>
					<top>0</top>
					<width>1340</width>
					<height>100%</height>
					<texture border="15">diffuse/bgpanel.png</texture>
					<colordiffuse>$INFO[Skin.String(GeneralPanelsColor)]</colordiffuse>
				</control>
				<!-- close dialog -->
				<control type="group">
					<include>animation_fade_visible_hidden</include>
					<right>60</right>
					<width>60</width>
					<top>40</top>
					<include condition="Skin.HasSetting(EnableTouchSupport)">close_button</include>
				</control>
			    <!--Header-->
				<control type="label">
					<description>Heading</description>
					<left>700</left>
					<top>10</top>
					<width>1200</width>
					<font>Bold45</font>
					<textcolor>$INFO[Skin.String(GeneralHighlightTextColor)]</textcolor>
					<align>left</align>
					<height>100</height>
					<label>$LOCALIZE[35221]</label>
				</control>
	            <control type="image">
					<left>680</left>
					<top>220</top>
					<width>1200</width>
					<height>670</height>
					<texture border="5">dialogs/default/inner.png</texture>
				</control>
				<control type="group" id="11000">
					<description>Control Area</description>
					<left>680</left>
					<top>230</top>
					<width>1200</width>
					<height>660</height>
					<orientation>vertical</orientation>
					<itemgap>0</itemgap>
					<scrolltime tween="cubic" easing="out">500</scrolltime>
					<top>230</top>
					<control type="panel" id="1103">
					<!-- it must be 'panel' not 'list' to loose the focus -->
					<!-- https://forum.kodi.tv/showthread.php?tid=161703 -->
						<scrolltime tween="quadratic">300</scrolltime>
						<defaultcontrol always="false">2101</defaultcontrol>
						<height max="550">auto</height>
						<orientation>vertical</orientation>
						<onup>1103</onup>
						<ondown>1103</ondown>
						<onleft>30</onleft>
						<onright>30</onright>
						<itemlayout  width="1200" height="64">
							<control type="image">
								<left>8</left>
								<top>4</top>
								<width>52</width>
								<height>52</height>
								<info>ListItem.Icon</info>
								<colordiffuse>$INFO[Skin.String(ViewDetailsListItemTextColor)]</colordiffuse>
							</control>
							<control type="label">
								<left>80</left>
								<width>1200</width>
								<height>64</height>
								<info>ListItem.Label</info>
								<font>Reg26</font>
								<align>left</align>
								<aligny>center</aligny>
								<textcolor>$INFO[Skin.String(ViewDetailsListItemTextColor)]</textcolor>
								<selectedcolor>$VAR[ViewDetailsFocusColor]</selectedcolor>
							</control>
							<control type="label">
								<left></left>
								<right>20</right>
								<width>1200</width>
								<height>64</height>
								<info>ListItem.Label2</info>
								<font>Reg26</font>
								<align>right</align>
								<aligny>center</aligny>
								<textcolor>$INFO[Skin.String(ViewDetailsListItemTextColor)]</textcolor>
								<selectedcolor>$VAR[ViewDetailsFocusColor]</selectedcolor>
							</control>
							<control type="image">
								<left>8</left>
								<top></top>
								<bottom>4</bottom>
								<width>1200</width>
								<texture>dialogs/default/separator.png</texture>
							</control>
						</itemlayout>
						<focusedlayout width="1200" height="64">
							<control type="image">
								<width>1200</width>
								<height>60</height>
								<colordiffuse>$VAR[ViewDetailsFocusColor]</colordiffuse>
								<texture border="5">diffuse/panel.png</texture>
								<!-- <visible>!Control.HasFocus(30)</visible> -->
							</control>
							<control type="image">
								<left>8</left>
								<top>4</top>
								<width>52</width>
								<height>52</height>
								<colordiffuse>$INFO[Skin.String(ViewDetailsListItemTextFocusColor)]</colordiffuse>
								<info>ListItem.Icon</info>
							</control>
							<control type="label">
								<left>80</left>
								<width>1200</width>
								<height>64</height>
								<info>ListItem.Label</info>
								<font>Reg26</font>
								<align>left</align>
								<aligny>center</aligny>
								<textcolor>$INFO[Skin.String(ViewDetailsListItemTextFocusColor)]</textcolor>
							</control>
							<control type="label">
								<left></left>
								<right>20</right>
								<width>1200</width>
								<height>64</height>
								<info>ListItem.Label2</info>
								<font>Reg26</font>
								<align>right</align>
								<aligny>center</aligny>
								<textcolor>$INFO[Skin.String(ViewDetailsListItemTextFocusColor)]</textcolor>
							</control>
							<control type="image">
								<left>8</left>
								<top></top>
								<bottom>4</bottom>
								<width>1200</width>
								<texture>dialogs/default/separator.png</texture>
							</control>
						</focusedlayout>
						<content>
							<item id="2101">
								<description>Pause / Resume button</description>
								<textoffsetx>20</textoffsetx>
								<include>DialogButtonOther</include>
								<label>$LOCALIZE[35224]</label>
								<label2>Select + X</label2>
								<icon>osd/fullscreen/buttons/play.png</icon>
								<onclick>Play</onclick>
							</item>
							<item id="2102">
								<description>Save / Load button</description>
								<textoffsetx>20</textoffsetx>
								<include>DialogButtonOther</include>
								<label>$LOCALIZE[35249]</label>
								<icon>osd/fullscreen/buttons/saves.png</icon>
								<onclick>ActivateWindow(InGameSaves)</onclick>
							</item>
							<item id="2106">
								<description>Players button</description>
								<textoffsetx>20</textoffsetx>
								<include>DialogButtonOther</include>
								<label>$LOCALIZE[35172]</label>
								<icon>osd/fullscreen/buttons/agent.png</icon>
								<onclick>ActivateWindow(GameAgents)</onclick>							
							</item>
							<item id="2105">
								<description>Settings button</description>
								<textoffsetx>20</textoffsetx>
								<include>DialogButtonOther</include>
								<label>$LOCALIZE[5]</label>
								<icon>osd/fullscreen/buttons/settings.png</icon>
								<onclick>SetProperty(settingslist_content,games,home)</onclick>
								<onclick>SetProperty(settingslist_header,$LOCALIZE[5],home)</onclick>
								<onclick>ActivateWindow(1121)</onclick>
							</item>							
							<item id="2103">
								<description>Reset button</description>
								<textoffsetx>20</textoffsetx>
								<include>DialogButtonOther</include>
								<label>$LOCALIZE[13007]</label>
								<icon>osd/fullscreen/buttons/reset.png</icon>
								<onclick>PlayerControl(Reset)</onclick>
							</item>
							<item id="2104">
								<description>Stop button</description>
								<textoffsetx>20</textoffsetx>
								<include>DialogButtonOther</include>
								<label>$LOCALIZE[35222]</label>
								<label2>Select + Start</label2>
								<icon>osd/fullscreen/buttons/stop.png</icon>
								<onclick>Stop</onclick>
							</item>
						</content>
					</control>
				</control>
			
				<!--Button Group-->
				<control type="grouplist" id="8002">
					<left>680</left>
					<top>940</top>
					<orientation>horizontal</orientation>
					<itemgap>20</itemgap>
					<onup>11000</onup>
					<ondown>11000</ondown>
					<onleft>11000</onleft>
                <onright>11000</onright>
					<defaultcontrol always="true">30</defaultcontrol>
				<!--	<control type="button" id="28">
						<description>OK</description>
						<label>$LOCALIZE[186]</label>
						<include>DialogButtonOther</include>
						<animation effect="fade" start="100" end="75" time="0" condition="!Control.IsEnabled(28)">Conditional</animation>
					</control>
					<control type="button" id="29">
						<left>200</left>
						<description>Cancel</description>
						<label>$LOCALIZE[222]</label>
						<include>DialogButtonOther</include>
						<animation effect="fade" start="100" end="75" time="0" condition="!Control.IsEnabled(29)">Conditional</animation>
					</control> -->
					<control type="button" id="30">
						<left>740</left>
						<description>Clear</description>
						<label>$LOCALIZE[31308]</label>
						<include>DialogButtonOther</include>
						<onclick>Action(close)</onclick>
					</control>
				</control>
			</control>
		</control>
	</controls>
</window>
