<?xml version="1.0" encoding="utf-8"?>
<!--Titan-->
<includes>
    
    <variable name="DebugContainerContent">
        <value condition="Container.Content(movies)">MOVIES</value>
        <value condition="Container.Content(tvshows)">TVSHOWS</value>
        <value condition="Container.Content(episodes)">EPISODES</value>
        <value condition="Container.Content(seasons)">SEASONS</value>
        <value condition="Container.Content(artists)">ARTISTS</value>
        <value condition="Container.Content(albums)">ALBUMS</value>
        <value condition="Container.Content(songs)">SONGS</value>
        <value condition="Container.Content(files)">FILES</value>
        <value condition="Container.Content(musicvideos)">MUSICVIDEOS</value>
    </variable>

    <include name="DebugInfo">
        <!-- Global debug grid -->
        <control type="image">
            <visible>Skin.HasSetting(DebugGrid)</visible>
            <left>0</left>
            <top>0</top>
            <width>100%</width>
            <height>100%</height>
            <texture>calibrate/debuggrid1080.png</texture>
        </control>
        
        <!-- Window/Dialog debug -->
        <control type="grouplist">
            <left>15</left>
            <top>15</top>
            <width>100%</width>
            <height>1080</height>
            <itemgap>12</itemgap>
            <visible>Skin.HasSetting(DebugInfo)</visible>
            
            <control type="label">
                <width>100%</width>
                <height>100</height>
                <textcolor>white</textcolor>
                <shadowcolor>black</shadowcolor>
                <font>Reg24</font>
                <align>justify</align>
                <label>CONTAINER SCROLLING !!!</label>
                <visible>Container(10).OnScrollNext | Container(10).OnScrollPrevious | Container(10).Scrolling</visible>
            </control>
            
            <control type="label">
                <width>100%</width>
                <height>40</height>
                <textcolor>white</textcolor>
                <shadowcolor>black</shadowcolor>
                <font>Reg24</font>
                <align>justify</align>
                <label>CONTAINER CONTENT: $VAR[DebugContainerContent]</label>
            </control>
            
            <control type="label">
                <width>100%</width>
                <height>40</height>
                <textcolor>white</textcolor>
                <shadowcolor>black</shadowcolor>
                <font>Reg24</font>
                <align>justify</align>
                <label>CURLISTITEM --->: $INFO[Window(Home).Property(curlistitem)]</label>
            </control>
            <control type="label">
                <width>100%</width>
                <height>40</height>
                <textcolor>white</textcolor>
                <shadowcolor>black</shadowcolor>
                <font>Reg24</font>
                <align>justify</align>
                <label>Rating.IMDB --->: $INFO[Window(Home).Property(SkinHelper.ListItem.Rating.IMDB)]</label>
            </control>
            
            <control type="label">
                <width>100%</width>
                <height>60</height>
                <textcolor>white</textcolor>
                <shadowcolor>black</shadowcolor>
                <font>Reg24</font>
                <align>justify</align>
                <label>Rating.TMDB : $INFO[Window(Home).Property(SkinHelper.ListItem.Rating.TMDB)]</label>
            </control>
            <control type="label">
                <width>100%</width>
                <height>60</height>
                <textcolor>white</textcolor>
                <shadowcolor>black</shadowcolor>
                <font>Reg24</font>
                <align>justify</align>
                <label>Container2510.Genres: $INFO[Container(2510).ListItem.Genre]</label>
            </control>
            
            <control type="label">
                <width>100%</width>
                <height>60</height>
                <textcolor>white</textcolor>
                <shadowcolor>black</shadowcolor>
                <font>Reg24</font>
                <align>justify</align>
                <label>SkinHelper.Genres: $INFO[Window(Home).Property(SkinHelper.ListItem.Genres)]</label>
            </control>
            <control type="label">
                <width>100%</width>
                <height>60</height>
                <textcolor>white</textcolor>
                <shadowcolor>black</shadowcolor>
                <font>Reg24</font>
                <align>justify</align>
                <label>Container.FolderPath : $INFO[Container.FolderPath]</label>
            </control>
            <control type="label">
                <width>100%</width>
                <height>60</height>
                <textcolor>white</textcolor>
                <shadowcolor>black</shadowcolor>
                <font>Reg24</font>
                <align>justify</align>
                <label>li title : $INFO[ListItem.Title]</label>
            </control>
            <control type="label">
                <width>100%</width>
                <height>60</height>
                <textcolor>white</textcolor>
                <shadowcolor>black</shadowcolor>
                <font>Reg24</font>
                <align>justify</align>
                <label>li dbtype : $INFO[ListItem.DBTYPE]  $INFO[ListItem.Property(DBTYPE)]</label>
            </control>
            <control type="label">
                <width>100%</width>
                <height>60</height>
                <textcolor>white</textcolor>
                <shadowcolor>black</shadowcolor>
                <font>Reg24</font>
                <align>justify</align>
                <label>li filenameandpath : $INFO[ListItem.FileNameAndPath]</label>
            </control>

            <!-- Window labels -->
            <control type="label">
                <width>780</width>
                <height>21</height>
                <textcolor>white</textcolor>
                <shadowcolor>black</shadowcolor>
                <font>Reg26</font>
                <align>left</align>
                <label>$INFO[Window.Property(xmlfile)]</label>
            </control>
            <control type="label">
                <width>780</width>
                <height>21</height>
                <textcolor>white</textcolor>
                <shadowcolor>black</shadowcolor>
                <font>Reg26</font>
                <align>left</align>
                <label>AddonBrowser.xml</label>
                <visible>Window.IsVisible(AddonBrowser.xml)</visible>
            </control>
            <control type="label">
                <width>780</width>
                <height>21</height>
                <textcolor>white</textcolor>
                <shadowcolor>black</shadowcolor>
                <font>Reg26</font>
                <align>left</align>
                <label>CustomSettings.xml</label>
                <visible>Window.IsVisible(CustomSettings.xml)</visible>
            </control>
            <control type="label">
                <width>780</width>
                <height>21</height>
                <textcolor>white</textcolor>
                <shadowcolor>black</shadowcolor>
                <font>Reg26</font>
                <align>left</align>
                <label>FileManager.xml</label>
                <visible>Window.IsVisible(FileManager.xml)</visible>
            </control>
            <control type="label">
                <width>780</width>
                <height>21</height>
                <textcolor>white</textcolor>
                <shadowcolor>black</shadowcolor>
                <font>Reg26</font>
                <align>left</align>
                <label>Home.xml</label>
                <visible>Window.IsVisible(Home.xml)</visible>
            </control>
            <control type="label">
                <width>780</width>
                <height>21</height>
                <textcolor>white</textcolor>
                <shadowcolor>black</shadowcolor>
                <font>Reg26</font>
                <align>left</align>
                <label>LoginScreen.xml</label>
                <visible>Window.IsVisible(LoginScreen.xml)</visible>
            </control>
            <control type="label">
                <width>780</width>
                <height>21</height>
                <textcolor>white</textcolor>
                <shadowcolor>black</shadowcolor>
                <font>Reg26</font>
                <align>left</align>
                <label>MyFavourites.xml</label>
                <visible>Window.IsVisible(MyFavourites.xml)</visible>
            </control>
            <control type="label">
                <width>780</width>
                <height>21</height>
                <textcolor>white</textcolor>
                <shadowcolor>black</shadowcolor>
                <font>Reg26</font>
                <align>left</align>
                <label>MyGames.xml</label>
                <visible>Window.IsVisible(MyGames.xml)</visible>
            </control>
            <control type="label">
                <width>780</width>
                <height>21</height>
                <textcolor>white</textcolor>
                <shadowcolor>black</shadowcolor>
                <font>Reg26</font>
                <align>left</align>
                <label>MyMusicNav.xml</label>
                <visible>Window.IsVisible(MyMusicNav.xml)</visible>
            </control>
            <control type="label">
                <width>780</width>
                <height>21</height>
                <textcolor>white</textcolor>
                <shadowcolor>black</shadowcolor>
                <font>Reg26</font>
                <align>left</align>
                <label>MyPlaylist.xml</label>
                <visible>Window.IsVisible(MyPlaylist.xml)</visible>
            </control>
            <control type="label">
                <width>780</width>
                <height>21</height>
                <textcolor>white</textcolor>
                <shadowcolor>black</shadowcolor>
                <font>Reg26</font>
                <align>left</align>
                <label>MyMusicPlaylistEditor.xml</label>
                <visible>Window.IsVisible(MyMusicPlaylistEditor.xml)</visible>
            </control>
            <control type="label">
                <width>780</width>
                <height>21</height>
                <textcolor>white</textcolor>
                <shadowcolor>black</shadowcolor>
                <font>Reg26</font>
                <align>left</align>
                <label>MyMusicSongs.xml</label>
                <visible>Window.IsVisible(MyMusicSongs.xml)</visible>
            </control>
            <control type="label">
                <width>780</width>
                <height>21</height>
                <textcolor>white</textcolor>
                <shadowcolor>black</shadowcolor>
                <font>Reg26</font>
                <align>left</align>
                <label>MyPics.xml</label>
                <visible>Window.IsVisible(MyPics.xml)</visible>
            </control>
            <control type="label">
                <width>780</width>
                <height>21</height>
                <textcolor>white</textcolor>
                <shadowcolor>black</shadowcolor>
                <font>Reg26</font>
                <align>left</align>
                <label>MyPrograms.xml</label>
                <visible>Window.IsVisible(MyPrograms.xml)</visible>
            </control>
            <control type="label">
                <width>780</width>
                <height>21</height>
                <textcolor>white</textcolor>
                <shadowcolor>black</shadowcolor>
                <font>Reg26</font>
                <align>left</align>
                <label>MyPVRChannels.xml</label>
                <visible>Window.IsVisible(MyPVRChannels.xml)</visible>
            </control>
            <control type="label">
                <width>780</width>
                <height>21</height>
                <textcolor>white</textcolor>
                <shadowcolor>black</shadowcolor>
                <font>Reg26</font>
                <align>left</align>
                <label>MyPVRGuide.xml</label>
                <visible>Window.IsVisible(MyPVRGuide.xml)</visible>
            </control>			
            <control type="label">
                <width>780</width>
                <height>21</height>
                <textcolor>white</textcolor>
                <shadowcolor>black</shadowcolor>
                <font>Reg26</font>
                <align>left</align>
                <label>MyPVRRecordings.xml</label>
                <visible>Window.IsVisible(MyPVRRecordings.xml)</visible>
            </control>			
            <control type="label">
                <width>780</width>
                <height>21</height>
                <textcolor>white</textcolor>
                <shadowcolor>black</shadowcolor>
                <font>Reg26</font>
                <align>left</align>
                <label>MyPVRSearch.xml</label>
                <visible>Window.IsVisible(MyPVRSearch.xml)</visible>
            </control>			
            <control type="label">
                <width>780</width>
                <height>21</height>
                <textcolor>white</textcolor>
                <shadowcolor>black</shadowcolor>
                <font>Reg26</font>
                <align>left</align>
                <label>MyPVRTimers.xml</label>
                <visible>Window.IsVisible(MyPVRTimers.xml)</visible>
            </control>			
            <control type="label">
                <width>780</width>
                <height>21</height>
                <textcolor>white</textcolor>
                <shadowcolor>black</shadowcolor>
                <font>Reg26</font>
                <align>left</align>
                <label>MyVideoNav.xml</label>
                <visible>Window.IsVisible(MyVideoNav.xml)</visible>
            </control>
            <control type="label">
                <width>780</width>
                <height>21</height>
                <textcolor>white</textcolor>
                <shadowcolor>black</shadowcolor>
                <font>Reg26</font>
                <align>left</align>
                <label>MyWeather.xml</label>
                <visible>Window.IsVisible(MyWeather.xml)</visible>
            </control>
            <control type="label">
                <width>780</width>
                <height>21</height>
                <textcolor>white</textcolor>
                <shadowcolor>black</shadowcolor>
                <font>Reg26</font>
                <align>left</align>
                <label>Settings.xml</label>
                <visible>Window.IsVisible(Settings.xml)</visible>
            </control>
            <control type="label">
                <width>780</width>
                <height>21</height>
                <textcolor>white</textcolor>
                <shadowcolor>black</shadowcolor>
                <font>Reg26</font>
                <align>left</align>
                <label>SettingsCategory.xml</label>
                <visible>Window.IsVisible(SettingsCategory.xml)</visible>
            </control>
            <control type="label">
                <width>780</width>
                <height>21</height>
                <textcolor>white</textcolor>
                <shadowcolor>black</shadowcolor>
                <font>Reg26</font>
                <align>left</align>
                <label>SettingsProfile.xml</label>
                <visible>Window.IsVisible(SettingsProfile.xml)</visible>
            </control>
            <control type="label">
                <width>780</width>
                <height>21</height>
                <textcolor>white</textcolor>
                <shadowcolor>black</shadowcolor>
                <font>Reg26</font>
                <align>left</align>
                <label>VideoFullScreen.xml</label>
                <visible>Window.IsVisible(VideoFullScreen.xml)</visible>
            </control>
            <control type="label">
                <width>780</width>
                <height>21</height>
                <textcolor>white</textcolor>
                <shadowcolor>black</shadowcolor>
                <font>Reg26</font>
                <align>left</align>
                <label>SkinSettings.xml</label>
                <visible>Window.IsVisible(SkinSettings.xml)</visible>
            </control>
            <!-- Dialog labels -->
            <control type="label">
                <width>780</width>
                <height>21</height>
                <textcolor>white</textcolor>
                <shadowcolor>black</shadowcolor>
                <font>Reg26</font>
                <align>left</align>
                <label>DialogAddonInfo.xml</label>
                <visible>Window.IsVisible(DialogAddonInfo.xml)</visible>
            </control>
            <control type="label">
                <width>780</width>
                <height>21</height>
                <textcolor>white</textcolor>
                <shadowcolor>black</shadowcolor>
                <font>Reg26</font>
                <align>left</align>
                <label>DialogAddonSettings.xml</label>
                <visible>Window.IsVisible(DialogAddonSettings.xml)</visible>
            </control>
            <control type="label">
                <width>780</width>
                <height>21</height>
                <textcolor>white</textcolor>
                <shadowcolor>black</shadowcolor>
                <font>Reg26</font>
                <align>left</align>
                <label>DialogBusy.xml</label>
                <visible>Window.IsVisible(DialogBusy.xml)</visible>
            </control>
            <control type="label">
                <width>780</width>
                <height>21</height>
                <textcolor>white</textcolor>
                <shadowcolor>black</shadowcolor>
                <font>Reg26</font>
                <align>left</align>
                <label>DialogButtonMenu.xml</label>
                <visible>Window.IsVisible(DialogButtonMenu.xml)</visible>
            </control>
            <control type="label">
                <width>780</width>
                <height>21</height>
                <textcolor>white</textcolor>
                <shadowcolor>black</shadowcolor>
                <font>Reg26</font>
                <align>left</align>
                <label>DialogColorPicker.xml</label>
                <visible>Window.IsVisible(DialogColorPicker.xml)</visible>
            </control>
            <control type="label">
                <width>780</width>
                <height>21</height>
                <textcolor>white</textcolor>
                <shadowcolor>black</shadowcolor>
                <font>Reg26</font>
                <align>left</align>
                <label>DialogConfirm.xml</label>
                <visible>Window.IsVisible(DialogConfirm.xml)</visible>
            </control>			
            <control type="label">
                <width>780</width>
                <height>21</height>
                <textcolor>white</textcolor>
                <shadowcolor>black</shadowcolor>
                <font>Reg26</font>
                <align>left</align>
                <label>DialogContextMenu.xml</label>
                <visible>Window.IsVisible(DialogContextMenu.xml)</visible>
            </control>
            <control type="label">
                <width>780</width>
                <height>21</height>
                <textcolor>white</textcolor>
                <shadowcolor>black</shadowcolor>
                <font>Reg26</font>
                <align>left</align>
                <label>DialogExtendedProgressBar.xml</label>
                <visible>Window.IsVisible(DialogExtendedProgressBar.xml)</visible>
            </control>
            <control type="label">
                <width>780</width>
                <height>21</height>
                <textcolor>white</textcolor>
                <shadowcolor>black</shadowcolor>
                <font>Reg26</font>
                <align>left</align>
                <label>DialogFavourites.xml</label>
                <visible>Window.IsVisible(DialogFavourites.xml)</visible>
            </control>
            <control type="label">
                <width>780</width>
                <height>21</height>
                <textcolor>white</textcolor>
                <shadowcolor>black</shadowcolor>
                <font>Reg26</font>
                <align>left</align>
                <label>Custom0.xml</label>
                <visible>Window.IsVisible(Custom0.xml)</visible>
            </control>
            <control type="label">
                <width>780</width>
                <height>21</height>
                <textcolor>white</textcolor>
                <shadowcolor>black</shadowcolor>
                <font>Reg26</font>
                <align>left</align>
                <label>DialogFullScreenInfo.xml</label>
                <visible>Window.IsVisible(DialogFullScreenInfo.xml)</visible>
            </control>
            <control type="label">
                <width>780</width>
                <height>21</height>
                <textcolor>white</textcolor>
                <shadowcolor>black</shadowcolor>
                <font>Reg26</font>
                <align>left</align>
                <label>DialogGameControllers.xml</label>
                <visible>Window.IsVisible(DialogGameControllers.xml)</visible>
            </control>
            <control type="label">
                <width>780</width>
                <height>21</height>
                <textcolor>white</textcolor>
                <shadowcolor>black</shadowcolor>
                <font>Reg26</font>
                <align>left</align>
                <label>DialogKeyboard.xml</label>
                <visible>Window.IsVisible(DialogKeyboard.xml)</visible>
            </control>
            <control type="label">
                <width>780</width>
                <height>21</height>
                <textcolor>white</textcolor>
                <shadowcolor>black</shadowcolor>
                <font>Reg26</font>
                <align>left</align>
                <label>DialogMediaSource.xml</label>
                <visible>Window.IsVisible(DialogMediaSource.xml)</visible>
            </control>
            <control type="label">
                <width>780</width>
                <height>21</height>
                <textcolor>white</textcolor>
                <shadowcolor>black</shadowcolor>
                <font>Reg26</font>
                <align>left</align>
                <label>DialogMusicInfo.xml</label>
                <visible>Window.IsVisible(DialogMusicInfo.xml)</visible>
            </control>			
            <control type="label">
                <width>780</width>
                <height>21</height>
                <textcolor>white</textcolor>
                <shadowcolor>black</shadowcolor>
                <font>Reg26</font>
                <align>left</align>
                <label>DialogNotification.xml</label>
                <visible>Window.IsVisible(DialogNotification.xml)</visible>
            </control>					
            <control type="label">
                <width>780</width>
                <height>21</height>
                <textcolor>white</textcolor>
                <shadowcolor>black</shadowcolor>
                <font>Reg26</font>
                <align>left</align>
                <label>DialogNumeric.xml</label>
                <visible>Window.IsVisible(DialogNumeric.xml)</visible>
            </control>
            <control type="label">
                <width>780</width>
                <height>21</height>
                <textcolor>white</textcolor>
                <shadowcolor>black</shadowcolor>
                <font>Reg26</font>
                <align>left</align>
                <label>DialogPictureInfo.xml</label>
                <visible>Window.IsVisible(DialogPictureInfo.xml)</visible>
            </control>
            <control type="label">
                <width>780</width>
                <height>21</height>
                <textcolor>white</textcolor>
                <shadowcolor>black</shadowcolor>
                <font>Reg26</font>
                <align>left</align>
                <label>DialogPlayerProcessInfo.xml</label>
                <visible>Window.IsVisible(DialogPlayerProcessInfo.xml)</visible>
            </control>			
            <control type="label">
                <width>780</width>
                <height>21</height>
                <textcolor>white</textcolor>
                <shadowcolor>black</shadowcolor>
                <font>Reg26</font>
                <align>left</align>
                <label>DialogPVRChannelManager.xml</label>
                <visible>Window.IsVisible(DialogPVRChannelManager.xml)</visible>
            </control>
            <control type="label">
                <width>780</width>
                <height>21</height>
                <textcolor>white</textcolor>
                <shadowcolor>black</shadowcolor>
                <font>Reg26</font>
                <align>left</align>
                <label>DialogPVRChannelsOSD.xml</label>
                <visible>Window.IsVisible(DialogPVRChannelsOSD.xml)</visible>
            </control>
            <control type="label">
                <width>780</width>
                <height>21</height>
                <textcolor>white</textcolor>
                <shadowcolor>black</shadowcolor>
                <font>Reg26</font>
                <align>left</align>
                <label>DialogPVRGroupManager.xml</label>
                <visible>Window.IsVisible(DialogPVRGroupManager.xml)</visible>
            </control>
            <control type="label">
                <width>780</width>
                <height>21</height>
                <textcolor>white</textcolor>
                <shadowcolor>black</shadowcolor>
                <font>Reg26</font>
                <align>left</align>
                <label>DialogPVRChannelGuide.xml</label>
                <visible>Window.IsVisible(DialogPVRChannelGuide.xml)</visible>
            </control>
            <control type="label">
                <width>780</width>
                <height>21</height>
                <textcolor>white</textcolor>
                <shadowcolor>black</shadowcolor>
                <font>Reg26</font>
                <align>left</align>
                <label>DialogPVRGuideSearch.xml</label>
                <visible>Window.IsVisible(DialogPVRGuideSearch.xml)</visible>
            </control>
            <control type="label">
                <width>780</width>
                <height>21</height>
                <textcolor>white</textcolor>
                <shadowcolor>black</shadowcolor>
                <font>Reg26</font>
                <align>left</align>
                <label>DialogPlayerProcessInfo.xml</label>
                <visible>Window.IsVisible(DialogPlayerProcessInfo.xml)</visible>
            </control>			
            <control type="label">
                <width>780</width>
                <height>21</height>
                <textcolor>white</textcolor>
                <shadowcolor>black</shadowcolor>
                <font>Reg26</font>
                <align>left</align>
                <label>DialogPVRInfo.xml</label>
                <visible>Window.IsVisible(DialogPVRInfo.xml)</visible>
            </control>			
            <control type="label">
                <width>780</width>
                <height>21</height>
                <textcolor>white</textcolor>
                <shadowcolor>black</shadowcolor>
                <font>Reg26</font>
                <align>left</align>
                <label>DialogPVRRadioRDSInfo.xml</label>
                <visible>Window.IsVisible(DialogPVRRadioRDSInfo.xml)</visible>
            </control>			
            <control type="label">
                <width>780</width>
                <height>21</height>
                <textcolor>white</textcolor>
                <shadowcolor>black</shadowcolor>
                <font>Reg26</font>
                <align>left</align>
                <label>DialogSeekbar.xml</label>
                <visible>Window.IsVisible(DialogSeekbar.xml)</visible>
            </control>
            <control type="label">
                <width>780</width>
                <height>21</height>
                <textcolor>white</textcolor>
                <shadowcolor>black</shadowcolor>
                <font>Reg26</font>
                <align>left</align>
                <label>DialogSelect.xml</label>
                <visible>Window.IsVisible(DialogSelect.xml)</visible>
            </control>
            <control type="label">
                <width>780</width>
                <height>21</height>
                <textcolor>white</textcolor>
                <shadowcolor>black</shadowcolor>
                <font>Reg26</font>
                <align>left</align>
                <label>DialogSettings.xml</label>
                <visible>Window.IsVisible(DialogSettings.xml)</visible>
            </control>			
            <control type="label">
                <width>780</width>
                <height>21</height>
                <textcolor>white</textcolor>
                <shadowcolor>black</shadowcolor>
                <font>Reg26</font>
                <align>left</align>
                <label>DialogSlider.xml</label>
                <visible>Window.IsVisible(DialogSlider.xml)</visible>
            </control>
            <control type="label">
                <width>780</width>
                <height>21</height>
                <textcolor>white</textcolor>
                <shadowcolor>black</shadowcolor>
                <font>Reg26</font>
                <align>left</align>
                <label>DialogSubMenu.xml</label>
                <visible>Window.IsVisible(DialogSubMenu.xml)</visible>
            </control>			
            <control type="label">
                <width>780</width>
                <height>21</height>
                <textcolor>white</textcolor>
                <shadowcolor>black</shadowcolor>
                <font>Reg26</font>
                <align>left</align>
                <label>DialogSubtitles.xml</label>
                <visible>Window.IsVisible(DialogSubtitles.xml)</visible>
            </control>						
            <control type="label">
                <width>780</width>
                <height>21</height>
                <textcolor>white</textcolor>
                <shadowcolor>black</shadowcolor>
                <font>Reg26</font>
                <align>left</align>
                <label>DialogTextViewer.xml</label>
                <visible>Window.IsVisible(DialogTextViewer.xml)</visible>
            </control>
            <control type="label">
                <width>780</width>
                <height>21</height>
                <textcolor>white</textcolor>
                <shadowcolor>black</shadowcolor>
                <font>Reg26</font>
                <align>left</align>
                <label>DialogVideoInfo.xml</label>
                <visible>Window.IsVisible(DialogVideoInfo.xml)</visible>
            </control>
            <control type="label">
                <width>780</width>
                <height>21</height>
                <textcolor>white</textcolor>
                <shadowcolor>black</shadowcolor>
                <font>Reg26</font>
                <align>left</align>
                <label>DialogVideoManager.xml</label>
                <visible>Window.IsVisible(DialogVideoManager.xml)</visible>
            </control>			
            <control type="label">
                <width>780</width>
                <height>21</height>
                <textcolor>white</textcolor>
                <shadowcolor>black</shadowcolor>
                <font>Reg26</font>
                <align>left</align>
                <label>DialogVolumeBar.xml</label>
                <visible>Window.IsVisible(DialogVolumeBar.xml)</visible>
            </control>
            <control type="label">
                <width>780</width>
                <height>21</height>
                <textcolor>white</textcolor>
                <shadowcolor>black</shadowcolor>
                <font>Reg26</font>
                <align>left</align>
                <label>EventLog.xml</label>
                <visible>Window.IsVisible(EventLog.xml)</visible>
            </control>			
            <control type="label">
                <width>780</width>
                <height>21</height>
                <textcolor>white</textcolor>
                <shadowcolor>black</shadowcolor>
                <font>Reg26</font>
                <align>left</align>
                <label>FileBrowser.xml</label>
                <visible>Window.IsVisible(FileBrowser.xml)</visible>
            </control>
            <control type="label">
                <width>780</width>
                <height>21</height>
                <textcolor>white</textcolor>
                <shadowcolor>black</shadowcolor>
                <font>Reg26</font>
                <align>left</align>
                <label>GameOSD.xml</label>
                <visible>Window.IsVisible(GameOSD.xml)</visible>
            </control>		
            <control type="label">
                <width>780</width>
                <height>21</height>
                <textcolor>white</textcolor>
                <shadowcolor>black</shadowcolor>
                <font>Reg26</font>
                <align>left</align>
                <label>script-cu-lrclyrics-main.xml</label>
                <visible>Window.IsVisible(script-cu-lrclyrics-main.xml)</visible>
            </control>
            <control type="label">
                <width>780</width>
                <height>21</height>
                <textcolor>white</textcolor>
                <shadowcolor>black</shadowcolor>
                <font>Reg26</font>
                <align>left</align>
                <label>MusicOSD.xml</label>
                <visible>Window.IsVisible(MusicOSD.xml)</visible>
            </control>
            <control type="label">
                <width>780</width>
                <height>21</height>
                <textcolor>white</textcolor>
                <shadowcolor>black</shadowcolor>
                <font>Reg26</font>
                <align>left</align>
                <label>MusicVisualisation.xml</label>
                <visible>Window.IsVisible(MusicVisualisation.xml)</visible>
            </control>
            <control type="label">
                <width>780</width>
                <height>21</height>
                <textcolor>white</textcolor>
                <shadowcolor>black</shadowcolor>
                <font>Reg26</font>
                <align>left</align>
                <label>PlayerControls.xml</label>
                <visible>Window.IsVisible(PlayerControls.xml)</visible>
            </control>
            <control type="label">
                <width>780</width>
                <height>21</height>
                <textcolor>white</textcolor>
                <shadowcolor>black</shadowcolor>
                <font>Reg26</font>
                <align>left</align>
                <label>Pointer.xml</label>
                <visible>Window.IsVisible(Pointer.xml)</visible>
            </control>			
            <control type="label">
                <width>780</width>
                <height>60</height>
                <textcolor>$INFO[Skin.String(GeneralTextColor)]</textcolor>
                <shadowcolor>black</shadowcolor>
                <font>Reg26</font>
                <align>left</align>
                <label>SettingsScreenCalibration.xml</label>
                <visible>Window.IsVisible(SettingsScreenCalibration.xml)</visible>
            </control>
            <control type="label">
                <width>780</width>
                <height>21</height>
                <textcolor>white</textcolor>
                <shadowcolor>black</shadowcolor>
                <font>Reg26</font>
                <align>left</align>
                <label>SettingsSystemInfo.xml</label>
                <visible>Window.IsVisible(SettingsSystemInfo.xml)</visible>
            </control>
            <control type="label">
                <width>780</width>
                <height>21</height>
                <textcolor>white</textcolor>
                <shadowcolor>black</shadowcolor>
                <font>Reg26</font>
                <align>left</align>
                <label>SlideShow.xml</label>
                <visible>Window.IsVisible(SlideShow.xml)</visible>
            </control>
            <control type="label">
                <width>780</width>
                <height>21</height>
                <textcolor>white</textcolor>
                <shadowcolor>black</shadowcolor>
                <font>Reg26</font>
                <align>left</align>
                <label>SmartPlaylistEditor.xml</label>
                <visible>Window.IsVisible(SmartPlaylistEditor.xml)</visible>
            </control>
            <control type="label">
                <width>780</width>
                <height>21</height>
                <textcolor>white</textcolor>
                <shadowcolor>black</shadowcolor>
                <font>Reg26</font>
                <align>left</align>
                <label>SmartPlaylistRule.xml</label>
                <visible>Window.IsVisible(SmartPlaylistRule.xml)</visible>
            </control>
            <control type="label">
                <width>780</width>
                <height>21</height>
                <textcolor>white</textcolor>
                <shadowcolor>black</shadowcolor>
                <font>Reg26</font>
                <align>left</align>
                <label>Startup.xml</label>
                <visible>Window.IsVisible(Startup.xml)</visible>
            </control>			
            <control type="label">
                <width>780</width>
                <height>21</height>
                <textcolor>white</textcolor>
                <shadowcolor>black</shadowcolor>
                <font>Reg26</font>
                <align>left</align>
                <label>VideoOSD.xml</label>
                <visible>Window.IsVisible(VideoOSD.xml)</visible>
            </control>
            <control type="label">
                <width>780</width>
                <height>21</height>
                <textcolor>white</textcolor>
                <shadowcolor>black</shadowcolor>
                <font>Reg26</font>
                <align>left</align>
                <label>VideoOSDBookmarks.xml</label>
                <visible>Window.IsVisible(VideoOSDBookmarks.xml)</visible>
            </control>
            <control type="label">
                <width>780</width>
                <height>21</height>
                <textcolor>white</textcolor>
                <shadowcolor>black</shadowcolor>
                <font>Reg26</font>
                <align>left</align>
                <label>VisualisationPresetList.xml</label>
                <visible>Window.IsVisible(VisualisationPresetList.xml)</visible>
            </control>
        </control>
        <!-- Control label -->
        <control type="label">
            <left>15r</left>
            <top>15</top>
            <width>780</width>
            <height>21</height>
            <textcolor>white</textcolor>
            <shadowcolor>black</shadowcolor>
            <font>Reg26</font>
            <align>right</align>
            <label>$INFO[System.CurrentControl]</label>
            <visible>Skin.HasSetting(DebugInfo)</visible>
        </control>
        <!-- Path label -->
        <control type="label">
            <left>15r</left>
            <top>48</top>
            <width>780</width>
            <height>21</height>
            <textcolor>white</textcolor>
            <shadowcolor>black</shadowcolor>
            <font>Reg26</font>
            <align>right</align>
            <label>$INFO[Container.FolderName,, - ]$INFO[Container.FolderPath]</label>
            <visible>Skin.HasSetting(DebugInfo)</visible>
        </control>
    </include>
</includes>