<?xml version="1.0" encoding="UTF-8"?>
<includes>
	
	<include name="DefaultDialogSelectLayout">
		<include>DialogOverlayExtra</include>
	        <!--Dialog Select-->
        <control type="group" id="1000">
            <!-- <include>animation_window_open_close</include> -->
            <visible>!Window.IsVisible(yesnodialog) + !Window.IsVisible(virtualkeyboard) + !Window.IsVisible(numericinput)</visible>
     			<!-- background panel -->
			<control type="image">
				<left>367</left>
				<top>236</top>
				<width>1190</width>
				<height>720</height>
				<texture border="15">diffuse/bgpanel.png</texture>
				<colordiffuse>$INFO[Skin.String(GeneralPanelsColor)]</colordiffuse>
			</control>
			<control type="image">
				<left>367</left>
				<top>236</top>
				<width>1190</width>
				<height>720</height>
				<texture border="15">diffuse/bgpanel.png</texture>
				<bordersize>10</bordersize>
				<colordiffuse>$INFO[Skin.String(GeneralPanelsColor)]</colordiffuse>
			</control>
			
			<!--Header-->
			<control type="label" id="1">
				<description>Heading</description>
				<left>415</left>
				<top>225</top>
				<width>1100</width>
				<height>100</height>
				<label></label>
				<include>DialogHeader_Alt</include>
				<align>center</align>
				<wrapmultiline>true</wrapmultiline>
			</control>
			
            <control type="group">
                <!--Container 3 Small-->
                <visible>Control.IsVisible(3)</visible>
                <control type="image">
                    <left>415</left>
					<top>315</top>
                    <width>1100</width>
                    <height>481</height>
                    <texture border="5">dialogs/default/inner.png</texture>
                </control>
            </control>
            <control type="group">
                <!--Container 6 Big-->
                <visible>!Control.IsVisible(3)</visible>
                <!-- background list left -->
				<control type="image">
                    <left>421</left>
                    <top>315</top>
                    <width>610</width>
                    <height>481</height>
                    <texture border="5">dialogs/default/inner.png</texture>
                </control>
				<!-- background image right -->
                <control type="image">
                    <left>1079</left>
                    <top>315</top>
                    <width>420</width>
                    <height>481</height>
                    <texture border="5">dialogs/default/inner-dark.png</texture>
                </control>
				<!-- displayed image right -->
                <control type="multiimage">
                    <left>1089</left>
                    <top>325</top>
                    <width>400</width>
                    <height>300</height>
                    <aspectratio>keep</aspectratio>
					<timeperimage>100</timeperimage>
					<fadetime>0</fadetime>
                    <imagepath>$INFO[Container(6).ListItem.FileNameAndPath]</imagepath>
                    <visible>String.Contains(Container(6).ListItem.FileNameAndPath,spinner)</visible>
                </control>
                <control type="multiimage">
                    <left>1089</left>
                    <top>325</top>
                    <width>400</width>
                    <height>300</height>
                    <aspectratio>keep</aspectratio>
					<timeperimage>5000</timeperimage>
					<fadetime>150</fadetime>
                    <randomize>true</randomize>
                    <imagepath>$INFO[Container(6).ListItem.Icon]</imagepath>
                    <visible>!String.Contains(Container(6).ListItem.FileNameAndPath,spinner)</visible>
                </control>
				<!-- displayed title, below image right -->
				<control type="textbox">
					<left>1089</left>
                    <top>630</top>
                    <width>400</width>
                    <height>140</height>
                    <font>Reg22</font>
					<label>$INFO[Container(6).ListItem.Label2,, ][CR]$INFO[Container(6).ListItem.Property(Addon.Version),$LOCALIZE[24051] ]</label>
					<textcolor>$INFO[Skin.String(GeneralTextColor)]</textcolor>
					<shadowcolor>black</shadowcolor>
					<align>left</align>
					<aligny>top</aligny>
                    <visible>!String.IsEmpty(Container(6).ListItem.label2)</visible>
				</control>
                <control type="textbox">
					<left>1089</left>
                    <top>630</top>
                    <width>400</width>
                    <height>140</height>
                    <font>Reg22</font>
					<label>$INFO[Container(6).ListItem.Property(Addon.Summary),, ][CR]$INFO[Container(6).ListItem.Property(Addon.Version),$LOCALIZE[24051] ]</label>
					<textcolor>$INFO[Skin.String(GeneralTextColor)]</textcolor>
					<shadowcolor>black</shadowcolor>
					<align>left</align>
					<aligny>top</aligny>
                    <visible>String.IsEmpty(Container(6).ListItem.label2)</visible>
				</control>
            </control>
            <!--List-->
            <control type="list" id="3">
                <!--Container 3 Small-->
                <left>415</left>
				<top>315</top>
				<width>1100</width>
                <height>480</height>
                <onright>60</onright>
                <onup>3</onup>
                <ondown>3</ondown>
                <onleft>8000</onleft>
                <pagecontrol>60</pagecontrol>
                <scrolltime tween="cubic" easing="out">500</scrolltime>
                <itemlayout height="60" width="1100">
                    <control type="image">
                        <left>0</left>
                        <top>1</top>
                        <width>1100</width>
                        <height>60</height>
                        <texture>dialogs/default/separator.png</texture>
                    </control>
                    <control type="label">
                        <left>20</left>
                        <top>0</top>
                        <width>1020</width>
                        <height>60</height>
                        <include condition="String.IsEqual(System.Language,Arabic) | String.IsEqual(System.Language,Hebrew)">align_right</include>
                        <label>$INFO[ListItem.Label]</label>
                        <align>left</align>
                        <aligny>center</aligny>
                        <include>DialogListNF</include>
                        <scroll>false</scroll>
                    </control>
                    <control type="image">
                        <left>1055</left>
						<!-- <right>5</right> -->
                        <top>10</top>
                        <width>40</width>
                        <height>40</height>
                        <texture>common/checkbox.png</texture>
                        <colordiffuse>$INFO[Skin.String(ButtonTextColor)]</colordiffuse>
                        <visible>ListItem.IsSelected</visible>
                    </control>
                </itemlayout>
                <focusedlayout height="60" width="1100">
                    <control type="group">
                        <animation effect="fade" start="100" end="30" time="300" tween="sine" easing="inout" condition="!Control.HasFocus(3)">Conditional</animation>
                        <control type="image">
                            <width>1100</width>
                            <height>60</height>
                            <texture border="5">diffuse/panel.png</texture>
                            <colordiffuse>$INFO[Skin.String(ButtonFocusColor)]</colordiffuse>
                        </control>
                        <control type="label">
                            <left>20</left>
                            <top>0</top>
                            <width>1020</width>
                            <height>60</height>
                            <include condition="String.IsEqual(System.Language,Arabic) | String.IsEqual(System.Language,Hebrew)">align_right</include>
                            <label>$INFO[ListItem.Label]</label>
                            <align>left</align>
                            <aligny>center</aligny>
                            <scroll>true</scroll>
                            <include>DialogListFO</include>
                        </control>
                        <control type="image">
                            <left>1055</left>
							<!-- <right>5</right> -->
                            <top>10</top>
                            <width>40</width>
                            <height>40</height>
                            <texture>common/checkbox.png</texture>
                            <colordiffuse>$INFO[Skin.String(ButtonFocusTextColor)]</colordiffuse>
                            <visible>ListItem.IsSelected</visible>
                        </control>
                    </control>
                </focusedlayout>
				
			</control>
			<control type="scrollbar" id="60">
				<visible>Control.IsVisible(3)</visible>
				<left>1520</left>
				<top>315</top>
				<height>480</height>
				<onup>60</onup>
				<ondown>60</ondown>
				<onleft>3</onleft>
				<animation effect="fade" start="0" end="100" time="400" condition="Control.HasFocus(60) | Skin.HasSetting(EnableTouchSupport) | Container.Scrolling | Skin.HasSetting(alwaysShowScrollbars)">Conditional</animation>
				<animation effect="fade" start="100" end="0" time="400" condition="![Control.HasFocus(60) | Skin.HasSetting(EnableTouchSupport) | Container.Scrolling | Skin.HasSetting(alwaysShowScrollbars)]">Conditional</animation>
			</control>
			
            <control type="list" id="6">
                <!--Container 6 Big-->
                <left>421</left>
                <top>315</top>
                <width>610</width>
                <height>480</height>
                <onleft>8000</onleft>
                <onright>1661</onright>
                <onup>6</onup>
                <ondown>6</ondown>
                <pagecontrol>1661</pagecontrol>
                <scrolltime tween="cubic" easing="out">500</scrolltime>
                <itemlayout height="120" width="610">
					<!-- Trennlinie zwischen Eintragen -->
                    <control type="image">
                        <left>0</left>
                        <top>1</top>
                        <width>644</width>
                        <height>120</height>
                        <texture>dialogs/default/separator.png</texture>
                    </control>
					<!-- Kleines Vorschaubild, links vor jedem Eintrag -->
                    <control type="image">
                        <left>10</left>
                        <top>10</top>
                        <width>100</width>
                        <height>100</height>
                        <aspectratio>scale</aspectratio>
                        <texture background="true" fallback="DefaultAddon.png">$INFO[ListItem.Icon]</texture>
                    </control>
					<!-- Bezeichnung für jeden Eintrag -->
                    <control type="label">
                        <left>120</left>
                        <top>0</top>
                        <width>480</width>
                        <height>60</height>
                        <label>[B]$INFO[ListItem.Label][/B]</label>
                        <align>left</align>
                        <aligny>center</aligny>
                        <include>DialogListNF</include>
                        <scroll>false</scroll>
                    </control>
					<!-- 2. Bezeichnung für jeden Eintrag -->
                    <control type="label">
                        <left>120</left>
                        <top>60</top>
						<!-- <bottom>10</bottom> -->
                        <width>480</width>
                        <height>50</height>
                        <label>$INFO[ListItem.Label2,, ]$INFO[ListItem.Property(Addon.Version),$LOCALIZE[24051] ]</label>
                        <align>left</align>
                        <aligny>center</aligny>
                        <font>Reg22</font>
                        <include>DialogListNF</include>
                        <scroll>false</scroll>
                        <visible>!String.IsEmpty(ListItem.Label2)</visible>
                    </control>
                    <control type="label">
                        <left>120</left>
						<top>60</top>
                        <!-- <bottom>10</bottom> -->
                        <width>480</width>
                        <height>50</height>
                        <label>$INFO[ListItem.Property(Addon.Summary),, ]$INFO[ListItem.Property(Addon.Version),$LOCALIZE[24051] ]</label>
                        <align>left</align>
                        <aligny>center</aligny>
                        <font>Reg22</font>
                        <include>DialogListNF</include>
                        <scroll>false</scroll>
                        <visible>String.IsEmpty(ListItem.Label2)</visible>
                    </control>
                    <control type="image">
                        <left>1055</left>
						<!-- <right>5</right> -->
                        <top>10</top>
                        <width>40</width>
                        <height>40</height>
                        <texture>common/checkbox.png</texture>
                        <colordiffuse>$INFO[Skin.String(ButtonTextColor)]</colordiffuse>
                        <visible>ListItem.IsSelected</visible>
                    </control>
                </itemlayout>
                <focusedlayout height="120" width="610">
                    <control type="group">
                        <animation effect="fade" start="100" end="30" time="300" tween="sine" easing="inout" condition="!Control.HasFocus(6)">Conditional</animation>
                        <control type="image">
                            <width>610</width>
                            <height>120</height>
                            <texture border="5">diffuse/panel.png</texture>
                            <colordiffuse>$INFO[Skin.String(ButtonFocusColor)]</colordiffuse>
                        </control>
                            <control type="image">
                            <left>10</left>
                            <top>10</top>
                            <width>100</width>
                            <height>100</height>
                            <aspectratio>scale</aspectratio>
                            <texture background="true" fallback="DefaultAddon.png">$INFO[ListItem.Icon]</texture>
                        </control>
                        <control type="label">
                            <left>120</left>
                            <top>0</top>
                            <width>480</width>
                            <height>60</height>
                            <label>[B]$INFO[ListItem.Label][/B]</label>
                            <align>left</align>
                            <aligny>center</aligny>
                            <include>DialogListFO</include>
                            <scroll>true</scroll>
                        </control>
                        <control type="label">
                            <left>120</left>
                            <top>60</top>
							<!-- <bottom>10</bottom> -->
                            <width>480</width>
                            <height>50</height>
                            <label>$INFO[ListItem.Label2,, ]$INFO[ListItem.Property(Addon.Version),$LOCALIZE[24051] ]</label>
                            <align>left</align>
                            <aligny>center</aligny>
                            <font>Reg22</font>
                            <include>DialogListFO</include>
                            <scroll>true</scroll>
                            <visible>!String.IsEmpty(ListItem.Label2)</visible>
                        </control>
                        <control type="label">
                            <left>120</left>
							<top></top>
                            <bottom>10</bottom>
                            <width>480</width>
                            <height>50</height>
                            <label>$INFO[ListItem.Property(Addon.Summary),, ]$INFO[ListItem.Property(Addon.Version),$LOCALIZE[24051] ]</label>
                            <align>left</align>
                            <aligny>center</aligny>
                            <font>Reg22</font>
                            <include>DialogListFO</include>
                            <scroll>true</scroll>
                            <visible>String.IsEmpty(ListItem.Label2)</visible>
                        </control>
                        <control type="image">
                            <left>1055</left>
							<!-- <right>5</right> -->
                            <top>10</top>
                            <width>40</width>
                            <height>40</height>
                            <texture>common/checkbox.png</texture>
                            <colordiffuse>$INFO[Skin.String(ButtonFocusTextColor)]</colordiffuse>
                            <visible>ListItem.IsSelected</visible>
                        </control>
                    </control>
                </focusedlayout>
            </control>
			<control type="scrollbar" id="1661">
				<visible>Control.IsVisible(6)</visible>
				<left>1040</left>
				<top>315</top>
				<height>480</height>
				<onleft>6</onleft>
                <onup>661</onup>
                <ondown>661</ondown>
				<animation effect="fade" start="0" end="100" time="400" condition="Control.HasFocus(1661) | Skin.HasSetting(EnableTouchSupport) | Container.Scrolling  | Skin.HasSetting(alwaysShowScrollbars)">Conditional</animation>
				<animation effect="fade" start="100" end="0" time="400" condition="![Control.HasFocus(1661) | Skin.HasSetting(EnableTouchSupport) | Container.Scrolling  | Skin.HasSetting(alwaysShowScrollbars)]">Conditional</animation>
			</control>
            
            <!--description -->
			<control type="label">
                <left>415</left>
				<top>800</top>
                <width>1100</width>
                <height>20</height>
                <include condition="String.IsEqual(System.Language,Arabic) | String.IsEqual(System.Language,Hebrew)">align_right</include>
                <label>$INFO[Container(3).ListItem.Label2]</label>
                <align>left</align>
                <aligny>center</aligny>
                <scroll>true</scroll>
                <font>Reg22</font>
            </control>
            
			<!--Buttons-->
            <control type="grouplist" id="8000">
				<left>410</left>
				<top>830</top>
				<width>820</width>
				<height>690</height>
				<orientation>horizontal</orientation>
				<onup condition="Control.IsVisible(6)">6</onup>
				<ondown condition="Control.IsVisible(6)">6</ondown>
				<onup condition="!Control.IsVisible(6)">3</onup>
				<ondown condition="!Control.IsVisible(6)">3</ondown>
                <control type="button" id="5">
                    <description>OK</description>
					<left>0</left>
					<label>$LOCALIZE[186]</label>
                    <!-- <label>$LOCALIZE[186]</label>   -->
                    <width>260</width>
                    <include>DialogButtonOther</include>
					<textwidth>240</textwidth>
                    <height>80</height>
					<!-- <onright>7</onright> -->
                </control>
                <control type="button" id="7">
                    <!-- <visible>!Window.IsVisible(Custom_3004_MediaDialog.xml)</visible> -->
                    <left>0</left>
                    <description>Close</description>
                   <!-- <label>$LOCALIZE[222]</label>  -->
                    <width>260</width>
                    <include>DialogButtonOther</include>
                    <height>80</height>
                    <visible>!String.IsEmpty(Control.GetLabel(7))</visible>
                </control>
				<control type="button" id="8">
                    <description>3rd button</description>
					<left>0</left>
                    <label></label>
                    <width>260</width>
                    <include>DialogButtonOther</include>
                    <height>80</height>
					<!-- <onright>7</onright>  -->
					<visible>!String.IsEmpty(Control.GetLabel(8))</visible>
                </control>
            </control>
			
			<!-- Anzahl der Eintrage, rechts unten -->
			<control type="label">
				<left>1240</left>
				<!-- <right>400</right> -->
				<top>860</top>
				<width>280</width>
				<height>35</height>
				<align>right</align>
				<include>DialogLabel</include>
				<visible>Control.IsVisible(3)</visible>
				<label>[COLOR=$INFO[Skin.String(GeneralHighlightTextColor)]]$INFO[Container(3).NumItems][/COLOR] $LOCALIZE[91830] - [COLOR=$INFO[Skin.String(GeneralHighlightTextColor)]]$INFO[Container(3).CurrentPage]/$INFO[Container(3).NumPages][/COLOR]</label>
			</control>			
			<control type="label">
				<!-- <right>400</right> -->
				<left>1240</left>
				<top>860</top>
				<width>280</width>
				<height>35</height>
				<align>right</align>
				<include>DialogLabel</include>
				<visible>Control.IsVisible(6)</visible>
				<label>[COLOR=$INFO[Skin.String(GeneralHighlightTextColor)]]$INFO[Container(6).NumItems][/COLOR] $LOCALIZE[91830] - [COLOR=$INFO[Skin.String(GeneralHighlightTextColor)]]$INFO[Container(6).CurrentPage]/$INFO[Container(6).NumPages][/COLOR]</label>
			</control>				
        </control>
	</include>
	
	
	<include name="GameDialogSelectFilterLayout">
		<control type="button">
			<description>background close area</description>
			<left>0</left>
			<top>0</top>
			<width>100%</width>
			<!-- <bottom>540</bottom> -->
			<height>540</height>
			<texturefocus />
			<texturenofocus />
			<onclick>Action(close)</onclick>
		</control>
		<control type="group">
			<bottom>0</bottom>
			<height>540</height>
			<width>100%</width>
			<animation type="WindowOpen">
				<effect type="slide" start="0,1000,0" end="0,0" time="250" tween="cubic" easing="inout" />
			</animation>
			<animation type="WindowClose">
				<effect type="slide" start="0,0" end="0,1000" time="250" tween="cubic" easing="inout" />
			</animation>
			<control type="image">
				<texture border="15">diffuse/bgpanel.png</texture>
				<colordiffuse>$INFO[Skin.String(GeneralPanelsColor)]</colordiffuse>
            </control>
			
			<control type="panel" id="10811">
				<top>30</top>
				<onup>119</onup>
				<ondown>119</ondown>
				<scrolltime tween="sine">200</scrolltime>
				<orientation>horizontal</orientation>
				<itemlayout width="480" height="340">
					<control type="group">
						<left>18</left>
						<right>18</right>
						<top>5</top>
						<control type="image">
						<!-- malvinas2: What's the purpose of this 'image'-entry ???? -->
							<width>444</width>
							<height>250</height>
							<aspectratio>scale</aspectratio>
							<texture border="4">DefaultVideo.png</texture>
							<bordertexture colordiffuse="E6FFFFFF">colors/color_black.png</bordertexture>
							<bordersize>4</bordersize>
						</control>
						<control type="gamewindow">
							<width>444</width>
							<height>250</height>
							<videofilter>$INFO[ListItem.Property(game.videofilter)]</videofilter>
							<stretchmode>$INFO[ListItem.Property(game.stretchmode)]</stretchmode>
							<rotation>$INFO[ListItem.Property(game.videorotation)]</rotation>
						</control>
						<control type="label">
							<top>250</top>
							<width>444</width>
							<height>80</height>
							<label>$INFO[ListItem.Label][CR][COLOR grey]$INFO[ListItem.Label2][/COLOR]</label>
							<font>Reg28</font>
							<textcolor>$INFO[Skin.String(GeneralTextColor)]</textcolor>
							<align>center</align>
						</control>
					</control>
				</itemlayout>
				<focusedlayout width="480" height="340">
					<control type="group">
						<left>18</left>
						<right>18</right>
						<top>5</top>
						<control type="image">
							<width>444</width>
							<height>250</height>
							<aspectratio>scale</aspectratio>
							<texture border="4">DefaultVideo.png</texture>
							<bordertexture colordiffuse="border_alpha">colors/color_black.png</bordertexture>
							<bordersize>4</bordersize>
						</control>
						<control type="gamewindow">
							<width>444</width>
							<height>250</height>
							<videofilter>$INFO[ListItem.Property(game.videofilter)]</videofilter>
							<stretchmode>$INFO[ListItem.Property(game.stretchmode)]</stretchmode>
							<rotation>$INFO[ListItem.Property(game.videorotation)]</rotation>
						</control>
						<control type="label">
							<top>250</top>
							<width>444</width>
							<height>80</height>
							<label>$INFO[ListItem.Label][CR][COLOR grey]$INFO[ListItem.Label2][/COLOR]</label>
							<font>Reg28</font>
							<textcolor>$INFO[Skin.String(GeneralTextColor)]</textcolor>
							<align>center</align>
						</control>
						<control type="image">
							<width>444</width>
							<height>250</height>
							<texture border="8" colordiffuse="$INFO[Skin.String(ButtonFocusColor)]">diffuse/bgborder.png</texture>
							<visible>Control.HasFocus(10811)</visible>
						</control>
					</control>
				</focusedlayout>
			</control>
			<control type="textbox" id="10812">
				<description>Description Area</description>
				<top>410</top>
				<left>100</left>
				<right>100</right>
				<height>200</height>
				<font>Light28</font>
				<textcolor>$INFO[Skin.String(GeneralTextColor)]</textcolor>
				<align>justify</align>
				<autoscroll time="3000" delay="5000" repeat="5000">true</autoscroll>
			</control>
			<control type="button" id="119">
				<description>Close</description>
				<width>330</width>
				<top>430</top>
				<!-- <bottom>30</bottom> -->
				<left>30</left>
				<onup>10811</onup>
				<ondown>10811</ondown>
				<onleft>10811</onleft>
				<onright>10811</onright>
				<include>DialogButtonOther</include>
				<label>$LOCALIZE[222]</label>
				<onclick>Action(close)</onclick>
				<height>80</height>
			</control>			
		</control>
	</include>
	
	
	<include name="GameDialogSelectViewLayout">
		<control type="button">
			<description>background close area</description>
			<left>0</left>
			<top>0</top>
			<width>100%</width>
			<!-- <bottom>410</bottom> -->
			<height>630</height>
			<texturefocus />
			<texturenofocus />
			<onclick>Action(close)</onclick>
		</control>
		<control type="group">
			<bottom>0</bottom>
			<height>450</height>
			<width>100%</width>
			<animation type="WindowOpen">
				<effect type="slide" start="0,1000,0" end="0,0" time="250" tween="cubic" easing="inout" />
			</animation>
			<animation type="WindowClose">
				<effect type="slide" start="0,0" end="0,1000" time="250" tween="cubic" easing="inout" />
			</animation>
			<control type="image">
				<texture border="15">diffuse/bgpanel.png</texture>
				<colordiffuse>$INFO[Skin.String(GeneralPanelsColor)]</colordiffuse>
            </control>

			<control type="panel" id="10811">
				<top>30</top>
				<onup>119</onup>
				<ondown>119</ondown>
				<scrolltime tween="sine">200</scrolltime>
				<orientation>horizontal</orientation>
				<itemlayout width="480" height="340">
					<control type="group">
						<left>18</left>
						<right>18</right>
						<top>5</top>
						<control type="image">     
						<!-- malvinas2: What's the purpose of this 'image'-entry ???? -->
							<width>444</width>
							<height>250</height>
							<aspectratio>scale</aspectratio>
							<texture border="4">DefaultVideo.png</texture>
							<bordertexture colordiffuse="border_alpha">colors/color_black.png</bordertexture>
							<bordersize>4</bordersize>
						</control>
						<control type="gamewindow">
							<width>444</width>
							<height>250</height>
							<videofilter>$INFO[ListItem.Property(game.videofilter)]</videofilter>
							<stretchmode>$INFO[ListItem.Property(game.stretchmode)]</stretchmode>
							<rotation>$INFO[ListItem.Property(game.videorotation)]</rotation>
						</control>
						<control type="label">
							<top>250</top>
							<width>444</width>
							<height>40</height>
							<label>$INFO[ListItem.Label][CR][COLOR grey]$INFO[ListItem.Label2][/COLOR]</label>
							<font>Reg28</font>
							<textcolor>$INFO[Skin.String(GeneralTextColor)]</textcolor>
							<align>center</align>
						</control>
					</control>
				</itemlayout>
				<focusedlayout width="480" height="340">
					<control type="group">
						<left>18</left>
						<right>18</right>
						<top>5</top>
						<control type="image"> 
						<!-- malvinas2: What's the purpose of this 'image'-entry ???? -->
							<width>444</width>
							<height>250</height>
							<aspectratio>scale</aspectratio>
							<texture border="4">DefaultVideo.png</texture>
							<bordertexture colordiffuse="border_alpha">colors/color_black.png</bordertexture>
							<bordersize>4</bordersize>
						</control>
						<control type="gamewindow">
							<width>444</width>
							<height>250</height>
							<videofilter>$INFO[ListItem.Property(game.videofilter)]</videofilter>
							<stretchmode>$INFO[ListItem.Property(game.stretchmode)]</stretchmode>
							<rotation>$INFO[ListItem.Property(game.videorotation)]</rotation>
						</control>
						<control type="label">
							<top>250</top>
							<width>444</width>
							<height>40</height>
							<label>$INFO[ListItem.Label][CR][COLOR grey]$INFO[ListItem.Label2][/COLOR]</label>
							<font>Reg28</font>
							<textcolor>$INFO[Skin.String(GeneralTextColor)]</textcolor>
							<align>center</align>
						</control>
						<control type="image">
							<width>444</width>
							<height>250</height>
							<texture border="8" colordiffuse="$INFO[Skin.String(ButtonFocusColor)]">diffuse/bgborder.png</texture>
							<visible>Control.HasFocus(10811)</visible>
						</control>
					</control>
				</focusedlayout>
			</control>
			<control type="button" id="119">
				<description>Close</description>
				<width>330</width>
				<top>355</top>
				<!-- <bottom>15</bottom> -->
				<left>30</left>
				<onup>10811</onup>
				<ondown>10811</ondown>
				<onleft>10811</onleft>
				<onright>10811</onright>
				<include>DialogButtonOther</include>
				<label>$LOCALIZE[222]</label>
				<onclick>Action(close)</onclick>
				<height>80</height>
			</control>		
		</control>
	</include>
	
	
	<include name="GameDialogSelectSaveInGameLayout">
		<control type="button">
			<description>background close area</description>
			<left>0</left>
			<top>0</top>
			<width>100%</width>
			<!-- <bottom>540</bottom> -->
			<height>540</height>
			<texturefocus />
			<texturenofocus />
			<onclick>Action(close)</onclick>
		</control>
		<control type="group">
			<bottom>0</bottom>
			<height>540</height>
			<width>100%</width>
			<control type="image">
				<animation effect="fade" start="0" end="100" time="300">WindowOpen</animation>
				<animation effect="fade" start="100" end="0" time="300">WindowClose</animation>
				<texture colordiffuse="$INFO[Skin.String(GeneralPanelsColor)]">diffuse/wide.png</texture>
			</control>
			
			<control type="panel" id="10811">
				<top>30</top>
				<onup>119</onup>
				<ondown>119</ondown>
				<scrolltime tween="sine">200</scrolltime>
				<orientation>horizontal</orientation>
				<itemlayout width="480" height="340">
					<control type="group">
						<left>18</left>
						<width>462</width>
						<!-- <right>18</right> -->
						<top>5</top>
						<control type="image">
							<width>444</width>
							<height>250</height>
							<aspectratio>scale</aspectratio>
							<texture border="4">$INFO[ListItem.Icon]</texture>  <!--  XXXXX   -->
							<bordertexture colordiffuse="E6FFFFFF">colors/color_black.png</bordertexture>
							<bordersize>4</bordersize>
						</control>
						<control type="image">
							<width>444</width>
							<height>250</height>
							<aspectratio>scale</aspectratio>
							<texture border="4">$INFO[ListItem.Art(screenshot)]</texture>   <!--  XXXXX   -->
							<bordertexture colordiffuse="E6FFFFFF">colors/color_black.png</bordertexture>
							<bordersize>4</bordersize>
						</control>
						<control type="gamewindow">
							<width>444</width>
							<height>250</height>
							<pixels>$INFO[ListItem.FilenameAndPath]</pixels>
						</control>
						<control type="label">
							<top>250</top>
							<width>444</width>
							<height>80</height>
							<label>$INFO[ListItem.Label][CR][COLOR grey]$INFO[ListItem.Label2][/COLOR]</label>
							<font>Reg28</font>
							<textcolor>$INFO[Skin.String(GeneralTextColor)]</textcolor>
							<align>center</align>
						</control>
					</control>
				</itemlayout>
				<focusedlayout width="480" height="340">
					<control type="group">
						<left>18</left>
						<width>462</width>
						<right>18</right>
						<top>5</top>
						<control type="image">
							<width>444</width>
							<height>250</height>
							<aspectratio>scale</aspectratio>
							<texture border="4">$INFO[ListItem.Icon]</texture>
							<!-- <texture border="4">DefaultVideo.png</texture> -->
							<bordertexture colordiffuse="border_alpha">colors/black.png</bordertexture>
							<bordersize>4</bordersize>
						</control>
						<control type="image">
							<width>444</width>
							<height>250</height>
							<aspectratio>scale</aspectratio>
							<texture border="4">$INFO[ListItem.Art(screenshot)]</texture>
							<bordertexture colordiffuse="border_alpha">colors/black.png</bordertexture>
							<bordersize>4</bordersize>
						</control>
						<control type="gamewindow">
							<width>444</width>
							<height>250</height>
							<pixels>$INFO[ListItem.FilenameAndPath]</pixels>
						</control>
						<control type="label">
							<top>250</top>
							<width>444</width>
							<height>80</height>
							<label>$INFO[ListItem.Label][CR][COLOR grey]$INFO[ListItem.Label2][/COLOR]</label>
							<font>Reg28</font>
							<textcolor>$INFO[Skin.String(GeneralTextColor)]</textcolor>
							<align>center</align>
						</control>
						<control type="image">
							<width>444</width>
							<height>250</height>
							<texture border="8" colordiffuse="$INFO[Skin.String(ButtonFocusColor)]">diffuse/bgborder.png</texture>
							<visible>Control.HasFocus(10811)</visible>
						</control>
					</control>
				</focusedlayout>
			</control>
			<control type="textbox" id="10812">
				<description>Description Area</description>
				<top>370</top>
				<left>50</left>
				<width>1700</width>
				<height>200</height>
				<font>Light28</font>
				<textcolor>$INFO[Skin.String(GeneralTextColor)]</textcolor>
				<align>justify</align>
				<autoscroll time="3000" delay="5000" repeat="5000">true</autoscroll>
				<label>$INFO[ListItem.Property(savestate.caption)]</label>
			</control>
			
			<control type="button" id="119">
				<description>Close</description>
				<width>330</width>
				<top>430</top>
				<!-- <bottom>30</bottom> -->
				<left>30</left>
				<onup>10811</onup>
				<ondown>10811</ondown>
				<onleft>10811</onleft>
				<onright>10811</onright>
				<include>DialogButtonOther</include>
				<label>$LOCALIZE[222]</label>
				<onclick>Action(close)</onclick>
				<height>80</height>
			</control>	
			
		</control>
	</include>

	<include name="GameDialogSelectSaveLayout">
		<control type="group">
		<include>DialogOverlayExtra</include>
			<centertop>50%</centertop>
			<centerleft>50%</centerleft>
			<width>1639</width>
			<height>985</height>
		
	        <!--Dialog Select-->
			<control type="group" id="1000">
				<include>animation_window_open_close</include>
				<visible>!Window.IsVisible(yesnodialog) + !Window.IsVisible(virtualkeyboard) + !Window.IsVisible(numericinput)</visible>
     			<!-- background panel -->
				<control type="image">
					<width>1639</width>
					<height>985</height>
					<texture border="15">diffuse/bgpanel.png</texture>
					<colordiffuse>$INFO[Skin.String(GeneralPanelsColor)]</colordiffuse>
				</control>
				<control type="image">
					<width>1639</width>
					<height>985</height>
					<texture border="15">diffuse/bgpanel.png</texture>
					<bordersize>10</bordersize>
					<colordiffuse>$INFO[Skin.String(GeneralPanelsColor)]</colordiffuse>
				</control>
				<!--Header-->
				<control type="label" id="10820">
					<description>Heading</description>
					<top>10</top>
					<width>1639</width>
					<height>100</height>
					<label>$LOCALIZE[35260]</label>
					<include>DialogHeader_Alt</include>
					<align>center</align>
					<wrapmultiline>true</wrapmultiline>
				</control>
			
				<control type="group">
					<!--Container 6 Big-->
					<description>Content area</description>
					<top>100</top>
					<bottom>20</bottom>
					<left>30</left>
					<right>30</right>
					<control type="group">
						<description>Panel area, including scroll bar</description>
						<width>1224</width>
						<height>748</height>
						<control type="image">
							<left>0</left>
							<right>0</right>
							<top>-5</top>
							<bottom>-20</bottom>
							<texture border="5">dialogs/default/inner.png</texture>
						</control>
						<control type="panel" id="3">
							<onright>61</onright>
							<onleft>9001</onleft>
							<pagecontrol>61</pagecontrol>
							<scrolltime tween="cubic" easing="out">500</scrolltime>
							<itemlayout width="408" height="374">
								<control type="image">
									<left>10</left>
									<right>10</right>
									<top>10</top>
									<height>256</height>
									<texture>$INFO[ListItem.Art(screenshot)]</texture>
									<aspectratio>keep</aspectratio>
								</control>
								<control type="label">
									<left>10</left>
									<right>10</right>
									<top>286</top>
									<height>20</height>
									<align>center</align>
									<aligny>center</aligny>
									<scroll>true</scroll>
									<include>DialogListNF</include>
									<label>$INFO[ListItem.Label]</label>
								</control>
								<control type="label">
									<left>10</left>
									<right>10</right>
									<top>322</top>
									<height>20</height>
									<align>center</align>
									<aligny>center</aligny>
									<scroll>true</scroll>
									<font>Reg22</font>
									<include>DialogListNF</include>
									<label>$INFO[ListItem.Label2]</label>
								</control>
							</itemlayout>
							<focusedlayout width="408" height="374">
								<control type="group">
								<animation effect="fade" start="100" end="30" time="300" tween="sine" easing="inout" condition="!Control.HasFocus(3)">Conditional</animation>
									<control type="image">
										<texture border="5">diffuse/panel.png</texture>
										<colordiffuse>$INFO[Skin.String(ButtonFocusColor)]</colordiffuse>
									</control>
									<control type="image">
										<left>10</left>
										<right>10</right>
										<top>10</top>
										<height>256</height>
										<texture>$INFO[ListItem.Art(screenshot)]</texture>
										<aspectratio>keep</aspectratio>
									</control>
									<control type="label">
										<left>10</left>
										<right>10</right>
										<top>286</top>
										<height>20</height>
										<align>center</align>
										<aligny>center</aligny>
										<scroll>true</scroll>
										<include>DialogListFO</include>
										<label>$INFO[ListItem.Label]</label>
									</control>
									<control type="label">
										<left>10</left>
										<right>10</right>
										<top>322</top>
										<height>20</height>
										<align>center</align>
										<aligny>center</aligny>
										<scroll>true</scroll>
										<font>Reg22</font>
										<include>DialogListFO</include>
										<label>$INFO[ListItem.Label2]</label>
									</control>
								</control>
							</focusedlayout>
						</control>
						<control type="scrollbar" id="61">
							<description>Scroll bar</description>
							<left></left>
							<right>-25</right>
							<onleft>3</onleft>
							<onright>9001</onright>
							<orientation>vertical</orientation>
							<animation effect="fade" start="0" end="100" time="400" condition="Control.HasFocus(61) | Skin.HasSetting(EnableTouchSupport) | Container.Scrolling | Skin.HasSetting(alwaysShowScrollbars)">Conditional</animation>
							<animation effect="fade" start="100" end="0" time="400" condition="![Control.HasFocus(61) | Skin.HasSetting(EnableTouchSupport) | Container.Scrolling | Skin.HasSetting(alwaysShowScrollbars)]">Conditional</animation>
						</control>
					</control>

					<control type="grouplist" id="9001">
						<description>Buttons on the right</description>
						<left>-10</left>
						<top>790</top>
						<onup>3</onup>
						<ondown>3</ondown>
						<itemgap>10</itemgap>
						<orientation>horizontal</orientation>
						<control type="button" id="10825">
							<description>OK</description>
							<!-- <left>0</left> -->
							<label>$LOCALIZE[35261]</label>
							<!-- <label>$LOCALIZE[186]</label>   -->
							<width>280</width>
							<include>DialogButtonOther</include>
							<height>80</height>
							<!-- <onright>7</onright> -->
						</control>
						<control type="button" id="10826">
							<description>OK</description>
							<!-- <left>0</left>  -->
							<label>$LOCALIZE[222]</label>
							<!-- <label>$LOCALIZE[186]</label>   -->
							<width>280</width>
							<include>DialogButtonOther</include>
							<height>80</height>
							<!-- <onright>7</onright> -->
						</control>
					</control>

					<control type="group">
						<description>Emulator name and icon</description>
						<right>20</right>
						<width>310</width>
						<top>202</top>
						<height>330</height>
						<bottom>90</bottom>
						<control type="group">
							<left>52</left>
							<control type="image">
								<left>-20</left>
								<right>-20</right>
								<top>-20</top>
								<bottom>-20</bottom>
								<texture border="5">dialogs/default/inner-dark.png</texture>
							</control>
							<control type="label">
								<description>Label for Saved with: text</description>
								<top>14</top>
								<height>20</height>
								<font>Reg22</font>
								<textcolor>$INFO[Skin.String(GeneralTextColor)]</textcolor>
								<label>$LOCALIZE[35255]</label>
								<align>center</align>
							</control>
							<control type="label" id="10823">
								<description>Emulator name</description>
								<top>60</top>
								<height>20</height>
								<font>Reg22</font>
								<textcolor>$INFO[Skin.String(GeneralTextColor)]</textcolor>
								<align>center</align>
							</control>
							<control type="image" id="10824">
								<description>Emulator icon</description>
								<top>108</top>
								<height>192</height>
								<left>35</left>
								<!-- <right>33</right> -->
								<width>192</width>
								<aspectratio>keep</aspectratio>
							</control>
						</control>
					</control>

					<control type="group">
						<description>Bottom bar of text area</description>
						<height>40</height>
						<top>820</top>
						<control type="label" id="10822">
							<description>Caption area</description>
							<left></left>
							<right>200</right>
							<include>DialogLabel</include>
							<align>left</align>
							<aligny>center</aligny>
						</control>
						<control type="label">
							<description>Item count</description>
							<left>1280</left>
							<!-- <right>10</right> -->
							<width>300</width>
							<include>DialogLabel</include>
							<align>right</align>
							<aligny>center</aligny>
							<textcolor>grey</textcolor>
							<label>[COLOR=$INFO[Skin.String(GeneralHighlightTextColor)]]$INFO[Container(3).NumItems][/COLOR] $LOCALIZE[91830] - [COLOR=$INFO[Skin.String(GeneralHighlightTextColor)]]$INFO[Container(3).CurrentPage]/$INFO[Container(3).NumPages][/COLOR]</label>
						</control>
					</control>
				</control>
			</control>
		</control>
	</include>
	

	
	<include name="VideoSelectLayout">
		<include>DialogOverlayExtra</include>
		<control type="group">
			<centertop>50%</centertop>
			<centerleft>50%</centerleft>
			<height>850</height>
			<width>1430</width>
			
	        <!--Dialog Select-->
			<control type="group" id="1200">
				<!-- <include>animation_window_open_close</include> -->
				<visible>!Window.IsVisible(yesnodialog) + !Window.IsVisible(virtualkeyboard) + !Window.IsVisible(numericinput)</visible>
					<!-- background panel -->
				<control type="image">
					<texture border="15">diffuse/bgpanel.png</texture>
					<colordiffuse>$INFO[Skin.String(GeneralPanelsColor)]</colordiffuse>
				</control>
				<control type="image">
					<texture border="15">diffuse/bgpanel.png</texture>
					<bordersize>10</bordersize>
					<colordiffuse>$INFO[Skin.String(GeneralPanelsColor)]</colordiffuse>
				</control>
				
				<!--Header-->
				<control type="label" id="1">
					<description>Heading</description>
					<left>40</left>
					<top>0</top>
					<right>100</right>
					<height>70</height>
					<label></label>
					<include>DialogHeader_Alt</include>
					<align>center</align>
					<wrapmultiline>true</wrapmultiline>
				</control>
                <control type="image">
					<left>980</left>
					<width>400</width>
					<height>625</height>
					<top>100</top>
                    <texture border="5">dialogs/default/inner-dark.png</texture>
                </control>				
				<control type="image">
					<left>980</left>
					<width>400</width>
					<height>605</height>
					<top>110</top>
					<texture>$VAR[VideoListPosterVar]</texture>
					<aspectratio aligny="top">keep</aspectratio>
				</control>
				<control type="image">
					<left>40</left>
					<top>100</top>
					<width>880</width>
					<height>625</height>
					<texture border="5">dialogs/default/inner.png</texture>
				</control>
				<control type="list" id="3">
				</control>
				<control type="list" id="6">
					<left>40</left>
					<top>100</top>
					<width>880</width>
					<height>625</height>
					<onup>6</onup>
					<ondown>6</ondown>
					<onleft>9001</onleft>
					<onright>61</onright>
					<pagecontrol>61</pagecontrol>
					<scrolltime tween="cubic" easing="out">500</scrolltime>
					<itemlayout height="125" width="880">
						<!-- Trennlinie zwischen Eintragen -->
						<control type="image">
							<left>0</left>
							<top>1</top>
							<width>880</width>
							<height>125</height>
							<texture>dialogs/default/separator.png</texture>
						</control>
						<control type="image">
							<left>12</left>
							<top>7</top>
							<width>110</width>
							<height>110</height>
							<texture>$VAR[VideoListThumbVar]</texture>
							<aspectratio>keep</aspectratio>
						</control>
						<control type="label">
							<left>135</left>
							<top>0</top>
							<right>20</right>
							<height>60</height>
							<font>Reg28</font>
							<aligny>center</aligny>
							<include>DialogListNF</include>
							<label>$VAR[MediaInfoListLabelVar]</label>
						</control>
						<control type="label">
							<left>135</left>
							<top>50</top>
							<right>20</right>
							<height>65</height>
							<font>Reg22</font>
							<aligny>center</aligny>
							<include>DialogListNF</include>
							<label>$VAR[MediaInfoListLabel2Var]</label>
						</control>
						<control type="image">
							<left>835</left>
							<!-- <right>5</right> -->
							<top>10</top>
							<width>40</width>
							<height>40</height>
							<texture>common/checkbox.png</texture>
							<colordiffuse>$INFO[Skin.String(ButtonTextColor)]</colordiffuse>
							<visible>ListItem.IsSelected</visible>
						</control>
					</itemlayout>
					<focusedlayout height="125" width="880">
						<control type="group">
							<animation effect="fade" start="100" end="30" time="300" tween="sine" easing="inout" condition="!Control.HasFocus(6)">Conditional</animation>
							<control type="image">
								<left>0</left>
								<top>0</top>
								<width>880</width>
								<height>125</height>
								<texture border="5">diffuse/panel.png</texture>
								<colordiffuse>$INFO[Skin.String(ButtonFocusColor)]</colordiffuse>
							</control>
							<control type="image">
								<left>12</left>
								<top>7</top>
								<width>110</width>
								<height>110</height>
								<texture>$VAR[VideoListThumbVar]</texture>
								<aspectratio>keep</aspectratio>
							</control>
							<control type="label">
								<left>135</left>
								<top>0</top>
								<right>20</right>
								<height>60</height>
								<aligny>center</aligny>
								<scroll>true</scroll>
								<font>Reg28</font>
								<include>DialogListFO</include>
								<label>$VAR[MediaInfoListLabelVar]</label>
							</control>
							<control type="label">
								<left>135</left>
								<top>50</top>
								<right>20</right>
								<height>65</height>
								<font>Reg22</font>
								<aligny>center</aligny>
								<include>DialogListFO</include>
								<label>$VAR[MediaInfoListLabel2Var]</label>
							</control>
							<control type="image">
								<left>835</left>
								<!-- <right>5</right> -->
								<top>10</top>
								<width>40</width>
								<height>40</height>
								<texture>common/checkbox.png</texture>
								<colordiffuse>$INFO[Skin.String(ButtonFocusTextColor)]</colordiffuse>
								<visible>ListItem.IsSelected</visible>
							</control>
						</control>
					</focusedlayout>
				</control>
				<control type="scrollbar" id="61">
					<left>930</left>
					<top>100</top>
					<width>20</width>
					<height>625</height>
					<onleft>6</onleft>
					<onright>9001</onright>
					<orientation>vertical</orientation>
					<animation effect="fade" start="0" end="100" time="400" condition="Control.HasFocus(61) | Skin.HasSetting(EnableTouchSupport) | Container(6).Scrolling | Skin.HasSetting(alwaysShowScrollbars)">Conditional</animation>
					<animation effect="fade" start="100" end="0" time="400" condition="![Control.HasFocus(61) | Skin.HasSetting(EnableTouchSupport) | Container(6).Scrolling | Skin.HasSetting(alwaysShowScrollbars)]">Conditional</animation>
				</control>
				
				<!--Buttons-->
				<control type="grouplist" id="9001">
					<left>40</left>
					<top>750</top>
					<!-- <bottom>20</bottom> -->
					<onup>6</onup>
					<itemgap>15</itemgap>
					<ondown>6</ondown>
					<orientation>horizontal</orientation>
					<control type="button" id="5">
						<description>OK</description>
						<label></label>
						<!-- <label>$LOCALIZE[186]</label>   -->
						<width>260</width>
						<include>DialogButtonOther</include>
						<height>80</height>
						<visible>false</visible>
					</control>
					<control type="button" id="7">
						<description>Close</description>
						<label>$LOCALIZE[222]</label>
						<width>260</width>
						<include>DialogButtonOther</include>
						<height>80</height>
					</control>
					<control type="button" id="8">
						<description>3rd button</description>
						<label></label>
						<width>260</width>
						<include>DialogButtonOther</include>
						<height>80</height>
						<visible>false</visible>
					</control>
				</control>	

				<control type="label">
					<left>1115</left>
					<right>40</right>
					<!-- <bottom>10</bottom> -->
					<width>275</width>
					<top>785</top>
					<!-- <bottom>30</bottom> -->
					<height>35</height>
					<align>right</align>
					<include>DialogLabel</include>
					<visible>Control.IsVisible(6)</visible>
					<label>[COLOR=$INFO[Skin.String(GeneralHighlightTextColor)]]$INFO[Container(6).NumItems][/COLOR] $LOCALIZE[91830] - [COLOR=$INFO[Skin.String(GeneralHighlightTextColor)]]$INFO[Container(6).CurrentPage]/$INFO[Container(6).NumPages][/COLOR]</label>
				</control>	
			</control>
		</control>
	</include>	
	
	
	
	
</includes>
