<?xml version="1.0" encoding="utf-8"?>
<!--Titan-->
<window>
	<onload condition="Skin.String(MusicArtistFanart,artistslideshow)">RunScript(script.artistslideshow)</onload>
	<defaultcontrol></defaultcontrol>
    <controls>
         <!--fallback background -->
        <control type="group">
			<include>GlobalBackground</include>
            <visible>[!Control.IsVisible(3333) | String.IsEmpty(Control.GetLabel(3333))] + [!Control.IsVisible(3334) | String.IsEmpty(Control.GetLabel(3334))]</visible>
		</control>

        <include>NowPlayingBackground</include>
         

		 <!-- <include>OSDInfoPanel</include>         -->
		 <!-- hier fur Musikinfo weitermachen -->


         <!-- lyrics overlay -->
         <control type="group">
            <visible>!Skin.HasSetting(DisableLyricsOverlay) + Window.IsActive(script-cu-lrclyrics-main.xml)</visible>
			<!-- <visible>!Skin.HasSetting(DisableLyricsOverlay) + Window.IsActive(script-cu-lrclyrics-main.xml) + !String.IsEmpty(Skin.String(LyricScript_Path))</visible> -->
            <control type="image">
                <left>0</left>
                <top>0</top>
                <width>100%</width>
                <height>100%</height>
                <texture>special://home/addons/resource.images.backgroundoverlays.basic/resources/Surround.png</texture>
                <colordiffuse>$INFO[Skin.String(LyricsOverlayColor)]</colordiffuse>
            </control>
            <control type="image">
                <left>0</left>
                <top>0</top>
                <width>100%</width>
                <height>100%</height>
                <texture>special://home/addons/resource.images.backgroundoverlays.basic/resources/Spot.png</texture>
                <colordiffuse>$INFO[Skin.String(LyricsOverlayColor)]</colordiffuse>
            </control>
        </control>

        <control type="group">
            <include>HideOsdConditions</include>
			<include condition="!Skin.HasSetting(UseSlimOSDPanel)">OSDPanelModern</include>
			<include condition="Skin.HasSetting(UseSlimOSDPanel)">OSDPanelModernSlimMusic</include>
			<visible>[Skin.HasSetting(AlwaysShowMusicInfo) | Player.ShowInfo | Window.IsActive(MusicOSD)]</visible>
            <animation effect="slide" end="0,-50" time="0" condition="Skin.HasSetting(enableArtistBio)">Conditional</animation>
			<animation effect="slide" start="0,400" end="0,0" tween="cubic" easing="out" delay="300" time="250" reversible="false">Visible</animation>
			<animation effect="slide" start="0,0" end="0,400" tween="cubic" easing="out" delay="300" time="250" reversible="false">Hidden</animation>
		</control>
        
        <!--artist BIO-->
        <control type="group">
			<!-- <zorder>0</zorder> -->
            <visible>Skin.HasSetting(enableArtistBio)</visible>
            <control type="image">
                <top></top>
				<bottom>-10</bottom>
                <width>100%</width>
                <height>60</height>
                <texture border="5" flipy="true">$VAR[osdpanelimage]</texture>
                <colordiffuse>$INFO[Skin.String(OSDPanelColor)]</colordiffuse>
            </control>
            <control type="fadelabel">
				<!-- <zorder>0</zorder> -->
                <top></top>
				<bottom>17</bottom>
                <left>0</left>
                <width>1920</width>
                <height>20</height>
                <scroll>true</scroll>
                <scrollout>false</scrollout>
                <textcolor>$INFO[Skin.String(OSDPrimaryTextColor)]</textcolor>
                <shadowcolor>$INFO[Skin.String(OSDPrimaryTextShadowColor)]</shadowcolor>
                <font>Reg30</font>
                <scrollspeed>80</scrollspeed>
                <label>$INFO[Window(Home).Property(SkinHelper.Player.ExtendedPlot)]</label>
            </control>
        </control>
		
		<!--clearlogo top right-->
		<control type="image">
			<left></left>
			<right>40</right>
			<top>20</top>
			<width>550</width>
			<height>180</height>
			<fadetime>900</fadetime>
			<aspectratio align="right" aligny="top">keep</aspectratio>
			<texture background="true">$VAR[MusicPlayerClearLogo]</texture>
            <visible>Skin.String(MusicArtistLogo,enabled) | [Skin.String(MusicArtistLogo,osd) + [Player.ShowInfo | Window.IsActive(MusicOSD)]]</visible>
            <include>animation_fade_visible_hidden_delayed</include>
		</control>
        
        <control type="group">
			<animation effect="fade" time="900">WindowOpen</animation>
			<animation effect="fade" time="900">WindowClose</animation>
			<animation effect="fade" time="400">Visible</animation>
			<animation effect="fade" time="400">Hidden</animation>
			<visible>Player.HasAudio + !Window.IsActive(script-cu-lrclyrics-main.xml)</visible>
			<visible>Skin.HasSetting(MusicOSDScrollingTitles)</visible>
            <animation effect="slide" start="0" end="0,250" delay="300" time="250" condition="![Skin.HasSetting(AlwaysShowMusicInfo) | Player.ShowInfo | Window.IsActive(MusicOSD)]">Conditional</animation>
			<control type="label">
                <description>Now Playing</description>
                <left>0</left>
                <top>580</top>
                <width>1920</width>
                <height>100</height>
                <label>$INFO[MusicPlayer.Artist,, • ]$INFO[MusicPlayer.Title,, • ]$INFO[MusicPlayer.Artist,, • ]$INFO[MusicPlayer.Title,, • ]$INFO[MusicPlayer.Artist,, • ]$INFO[MusicPlayer.Title,, • ]</label>
                <scroll>true</scroll>
                <font>Light200</font>
                <pauseatend>0</pauseatend>
                <textcolor>36ffffff</textcolor>
                <align>left</align>
            </control>
        </control>

    </controls>
</window>