<?xml version="1.0" encoding="utf-8"?>
<!--Titan-->
<!-- <window type="dialog"> -->
<window>
    <defaultcontrol always="true">9000</defaultcontrol>
	
    <controls>
         <!--Global Background-->
        <include>GlobalBackground</include>
 		<!-- Now playing -->
		<include>NowPlayingModern</include>
		
        <!--Header-->
        <include>Header</include>
		
		<control type="group">
			<include>animation_window_open_close</include>
			<bottom>125</bottom>
			<height>75%</height>
			
			<!--Panel-->
			<control type="image">
				<left>50</left>
				<width>1820</width>
				<texture border="15">diffuse/bgpanel.png</texture>
				<colordiffuse>$INFO[Skin.String(GeneralPanelsColor)]</colordiffuse>
			</control>
			
			<control type="image">
				<left>50</left>
				<width>520</width>
				<texture border="15">diffuse/bgpanel.png</texture>
				<colordiffuse>$INFO[Skin.String(GeneralPanelsColor)]</colordiffuse>
			</control>

			<!--Grouplist Buttons-->
			<control type="grouplist" id="9000">
				<left>90</left>
				<top>20</top>
				<width>450</width>
				<height>96%</height>
				<itemgap>5</itemgap>
				<onleft></onleft>
				<onright></onright>
				<onup>9000</onup>
				<ondown>9000</ondown>
				<include>animation_window_open_close</include>
				<control type="togglebutton" id="1">
					<description>General</description>
					<include>SkinSettings_MenuButtonLarge</include>
					<width>450</width>
					<onright>4</onright>
					<onfocus>SetProperty(SettingsProfileSection,1,home)</onfocus>
					<usealttexture>String.IsEqual(Window(Home).Property(SettingsProfileSection),1)</usealttexture>
					<label>$LOCALIZE[128]</label>
					<altlabel>$LOCALIZE[128]</altlabel>
					<height>47</height>
				</control>
				<control type="togglebutton" id="223">
					<description>Storage</description>
					<include>SkinSettings_MenuButtonLarge</include>
					<width>450</width>
					<onright>2</onright>
					<onfocus>SetProperty(SettingsProfileSection,223,home)</onfocus>
					<usealttexture>String.IsEqual(Window(Home).Property(SettingsProfileSection),223)</usealttexture>
					<altlabel>$LOCALIZE[13200]</altlabel>
					<label>$LOCALIZE[13200]</label>
					<height>47</height>
				</control>
			</control>

			<control type="grouplist" id="9001">
				<visible>String.IsEqual(Window(Home).Property(SettingsProfileSection),1)</visible>
				<left>605</left>
				<top>20</top>
				<width>1230</width>
				<height>80%</height>
				<itemgap>5</itemgap>
				<orientation>vertical</orientation>
				<onleft>9000</onleft>
				<onright></onright>
				<onup>9001</onup>
				<ondown>9001</ondown>
				<!-- Header -->
				<control type="label">
					<include>SkinSettings_Header</include>
					<label>$LOCALIZE[128]</label>
					<textcolor>$INFO[Skin.String(GeneralTextColor)]</textcolor>
				</control>
				<control type="radiobutton" id="4">
					<include>SkinSettings_Button</include>
					<!-- <width>450</width> -->
					<label>$LOCALIZE[20096]</label>
					<!-- <font>Reg28</font> -->
					<!-- <align>left</align> -->
					<!-- <height>47</height> -->
				</control>
				<control type="radiobutton" id="444">
					<include>SkinSettings_Button</include>
					<label>$LOCALIZE[31147]</label>
					<onclick condition="!Skin.String(LoginBackground)">Skin.SetImage(LoginBackground)</onclick>
					<onclick condition="Skin.String(LoginBackground)">Skin.Reset(LoginBackground)</onclick>
					<selected>Skin.String(LoginBackground)</selected>
					<visible>System.HasLoginScreen</visible>
				</control>
				<control type="radiobutton" id="31692">
					<include>SkinSettings_Button</include>
					<label>$LOCALIZE[31692]</label>
					<onclick>Skin.ToggleSetting(LoginScreen_HideLoginInfo)</onclick>
					<selected>Skin.HasSetting(LoginScreen_HideLoginInfo)</selected>
					<visible>System.HasLoginScreen</visible>
				</control>
				<control type="radiobutton" id="31693">
					<include>SkinSettings_Button</include>
					<label>$LOCALIZE[31693]</label>
					<onclick>Skin.ToggleSetting(LoginScreen_DisableContextMenu)</onclick>
					<selected>Skin.HasSetting(LoginScreen_DisableContextMenu)</selected>
					<visible>System.HasLoginScreen</visible>
				</control>
				<control type="button" id="5">
					<include>SkinSettings_Button</include>
					<label>$LOCALIZE[70058]</label>
					<label2>[B]$INFO[System.ProfileAutoLogin][/B]</label2>
					<enable>!Window.IsVisible(ProfileSettings) + !System.HasLoginScreen</enable>
				</control>
			</control>


			<control type="label">
				<left>605</left>
				<top>20</top>
				<width>1100</width>
				<visible>String.IsEqual(Window(Home).Property(SettingsProfileSection),223)</visible>
				<include>SkinSettings_Header</include>
				<label>$LOCALIZE[13200]</label>
				<textcolor>$INFO[Skin.String(GeneralTextColor)]</textcolor>
			</control>

            <control type="panel" id="2">
                <description>Control Area</description>
				<visible>String.IsEqual(Window(Home).Property(SettingsProfileSection),223)</visible>
                <left>605</left>
                <top>95</top>
                <width>1230</width>
                <height>80%</height>
                <onright></onright>
                <onup>2</onup>
				<onleft>223</onleft>
                <ondown>2</ondown>
				<!-- Header -->
				<control type="label">
					<include>SkinSettings_Header</include>
					<label>$LOCALIZE[13200]</label>
					<textcolor>$INFO[Skin.String(GeneralTextColor)]</textcolor>
				</control>

				<itemlayout height="350" width="300">
				    <control type="group">
                        <width>280</width>
                        <height>320</height>
				
						<control type="image">
							<texture border="0">diffuse/poster.png</texture>
							<colordiffuse>$VAR[ViewDetailsPanelColor]</colordiffuse>
							<include condition="Skin.String(thumbsborder_unfocused, 0)">thumbborder_0</include>
							<include condition="Skin.String(thumbsborder_unfocused, 2)">thumbborder_2</include>
							<include condition="Skin.String(thumbsborder_unfocused, 4)">thumbborder_4</include>
							<include condition="Skin.String(thumbsborder_unfocused, 6)">thumbborder_6</include>
						</control>
				
						<control type="image">
							<texture border="1" background="true" diffuse="diffuse/poster.png" fallback="DefaultUser.png">$INFO[ListItem.Icon]</texture>
							<aspectratio scalediffuse="false" aligny="top" align="center">stretch</aspectratio>
							<bordersize>8</bordersize>
						</control>
						
						<!--Panel-->
						<control type="image">
							<top></top>
							<bottom>0</bottom>
							<height>120</height>
							<bordersize>8</bordersize>
							<texture border="1">diffuse/poster_tag.png</texture>
							<colordiffuse>$INFO[Skin.String(TagOverlaysPanelColor)]</colordiffuse>
						</control>
						<control type="label">
							<left>15</left>
							<right>15</right>
							<top></top>
							<bottom>55</bottom>
							<height>65</height>
							<include condition="Skin.HasSetting(ThumbsLabelAlignmentCenter)">aligncenter</include>
							<align>left</align>
							<aligny>center</aligny>
							<label>$INFO[ListItem.Label]</label>
							<font>Reg22</font>
							<textcolor>$INFO[Skin.String(TagOverlaysTextColor)]</textcolor>
						</control>
	
						<control type="label">
							<left>15</left>
							<right>15</right>
							<top></top>
							<bottom>30</bottom>
							<height>65</height>
							<include condition="Skin.HasSetting(ThumbsLabelAlignmentCenter)">aligncenter</include>
							<align>left</align>
							<aligny>center</aligny>
							<label>$LOCALIZE[70059]:</label>
							<font>Reg22</font>
							<textcolor>$INFO[Skin.String(TagOverlaysTextColor)]</textcolor>
							<visible>!String.IsEqual(Listitem.Label,$LOCALIZE[20058])</visible>
						</control>
						
						<control type="label">
							<left>15</left>
							<right>15</right>
							<top></top>
							<bottom>5</bottom>
							<height>65</height>
							<include condition="Skin.HasSetting(ThumbsLabelAlignmentCenter)">aligncenter</include>
							<align>left</align>
							<aligny>center</aligny>
							<label fallback="13170">$INFO[ListItem.Label2]</label>
							<font>Reg22</font>
							<textcolor>$INFO[Skin.String(TagOverlaysTextColor)]</textcolor>
							<visible>!String.IsEqual(Listitem.Label,$LOCALIZE[20058])</visible>
						</control>
					</control>
				</itemlayout>				

				<focusedlayout height="350" width="300">
				    <control type="group">
                        <width>280</width>
                        <height>320</height>
				
						<control type="image">
							<texture border="0">diffuse/poster.png</texture>
							<colordiffuse>$VAR[ViewDetailsFocusColor]</colordiffuse>
							<include condition="Skin.String(thumbsborder_focused, 2)">thumbborder_2</include>
							<include condition="Skin.String(thumbsborder_focused, 4)">thumbborder_4</include>
							<include condition="Skin.String(thumbsborder_focused, 6)">thumbborder_6</include>
						</control>
		
						<control type="image">
							<texture border="1" background="true" diffuse="diffuse/poster.png" fallback="DefaultUser.png">$INFO[ListItem.Icon]</texture>
							<aspectratio scalediffuse="false" aligny="top" align="center">stretch</aspectratio>
							<bordersize>8</bordersize>
						</control>
						
			           <!--Panel-->
						<control type="image">
							<top></top>
							<bottom>0</bottom>
							<height>120</height>
							<bordersize>8</bordersize>
							<texture border="1">diffuse/poster_tag.png</texture>
							<colordiffuse>$INFO[Skin.String(TagOverlaysPanelColor)]</colordiffuse>
						</control>
						<control type="label">
							<left>15</left>
							<right>15</right>
							<top></top>
							<bottom>55</bottom>
							<height>65</height>
							<include condition="Skin.HasSetting(ThumbsLabelAlignmentCenter)">aligncenter</include>
							<align>left</align>
							<aligny>center</aligny>
							<label>$INFO[ListItem.Label]</label>
							<font>Reg22</font>
							<textcolor>$INFO[Skin.String(TagOverlaysTextColor)]</textcolor>
						</control>
	
						<control type="label">
							<left>15</left>
							<right>15</right>
							<top></top>
							<bottom>30</bottom>
							<height>65</height>
							<include condition="Skin.HasSetting(ThumbsLabelAlignmentCenter)">aligncenter</include>
							<align>left</align>
							<aligny>center</aligny>
							<label>$LOCALIZE[70059]:</label>
							<font>Reg22</font>
							<textcolor>$INFO[Skin.String(TagOverlaysTextColor)]</textcolor>
							<visible>!String.IsEqual(Listitem.Label,$LOCALIZE[20058])</visible>
						</control>
						
						<control type="label">
							<left>15</left>
							<right>15</right>
							<top></top>
							<bottom>5</bottom>
							<height>65</height>
							<include condition="Skin.HasSetting(ThumbsLabelAlignmentCenter)">aligncenter</include>
							<align>left</align>
							<aligny>center</aligny>
							<label fallback="13170">$INFO[ListItem.Label2]</label>
							<font>Reg22</font>
							<textcolor>$INFO[Skin.String(TagOverlaysTextColor)]</textcolor>
							<visible>!String.IsEqual(Listitem.Label,$LOCALIZE[20058])</visible>
						</control>
					</control>
				</focusedlayout>	
			</control>
        </control>
		
		<!--Footer-->
        <include condition="!Skin.HasSetting(nofooterbar)">Footer</include>
		<!--Titan Version-->
        <include>TitanVersion</include>
    </controls>
</window>