<?xml version="1.0" encoding="utf-8"?>
<!--Titan-->
<includes>
    <include name="View_109_SimplePVR">
         <control type="group">
            <visible>Control.IsVisible(109)</visible>
            <animation effect="slide" end="0,105" time="0" condition="!Skin.String(general_header,disable) + String.IsEqual(Skin.AspectRatio,16:10)">Conditional</animation>
            <control type="group">
                <!--Panel-->

				<!-- Background Panel TOP-->
				<control type="image">
					<left>50</left>
					<top>170</top>
					<width>1820</width>
					<height>240</height>
					<texture border="15">diffuse/bgpanel.png</texture>
					<colordiffuse>$VAR[ViewDetailsPanelColor]</colordiffuse>
                    <visible>!Skin.HasSetting(View109_Hidepanel)</visible>
				</control>
				<!-- Background Panel BOTTOM-->
				<control type="image">
					<left>50</left>
					<top>430</top>
					<width>1820</width>
					<height>510</height>
					<texture border="15">diffuse/bgpanel.png</texture>
					<colordiffuse>$VAR[ViewDetailsPanelColor]</colordiffuse>
                    <visible>!Skin.HasSetting(View109_Hidepanel)</visible>
				</control>
				<!-- Background Panel TITLEBAR-->
				<control type="image">
					<left>50</left>
					<top>430</top>
					<width>1820</width>
					<height>60</height>
					<texture border="15">diffuse/bgpanel.png</texture>
					<colordiffuse>$INFO[Skin.String(GeneralPanelsColor)]</colordiffuse>
				</control>
                <control type="image">
					<left>50</left>
					<top>430</top>
					<width>1820</width>
					<height>60</height>
					<texture border="15">diffuse/bgpanel.png</texture>
					<colordiffuse>$INFO[Skin.String(GeneralPanelsColor)]</colordiffuse>
				</control>
	
            </control>
            <control type="group">
                <visible>!String.IsEmpty(ListItem.Date)</visible>
                <left>80</left>
                <top>190</top>
                <control type="image">
                    <!--Background-->
                    <left>0</left>
                    <top>0</top>
                    <width>350</width>
                    <height>200</height>
                    <texture fallback="DefaultAddonTvInfo.png" diffuse="home/home_matte2.png">$VAR[PVRThumb]</texture>
                    <aspectratio align="left">keep</aspectratio>
                    <visible>![VideoPlayer.Content(livetv) + Skin.HasSetting(PVRShowPreview)]</visible>
                </control>
            <!-- black background behind video -->
                <control type="image">
                    <texture>colors/color_black.png</texture>
                    <left>0</left>
                    <top>0</top>
                    <width>350</width>
                    <height>200</height>
                    <visible>VideoPlayer.Content(livetv) + Skin.HasSetting(PVRShowPreview)</visible>
                </control>
				<!--Video Window -->
                <control type="videowindow">
                    <left>0</left>
                    <top>0</top>
                    <width>350</width>
                    <height>200</height>
                    <visible>VideoPlayer.Content(livetv) + Skin.HasSetting(PVRShowPreview)</visible>
                </control>
            </control>
            <control type="label">
                <!--Title-->
                <left>450</left>
                <top>190</top>
                <width>650</width>
                <height>50</height>
                <font>Bold38</font>
                <textcolor>$INFO[Skin.String(ViewDetailsHighlightTextColor)]</textcolor>
                <shadowcolor>$INFO[Skin.String(ViewDetailsHighlightTextShadowColor)]</shadowcolor>
                <label>$VAR[ListTitlePVR]</label>
            </control>
            <control type="grouplist">
                <!--Start, End, Duration-->
                <left>450</left>
                <top>245</top>
                <control type="group">
                    <!-- Ground 1 -->
                    <height>40</height>
                    <visible>!String.IsEmpty(ListItem.Date)</visible>
                    <control type="label">
                        <left>0</left>
                        <top>0</top>
                        <width>180</width>
                        <shadowcolor>$INFO[Skin.String(ViewDetailsTextShadowColor)]</shadowcolor>
						<textcolor>$INFO[Skin.String(ViewDetailsTextColor)]</textcolor>
                        <label>$LOCALIZE[142]</label>
                    </control>
                    <control type="label">
                        <left>160</left>
                        <top>0</top>
                        <width>500</width>
                        <shadowcolor>$INFO[Skin.String(ViewDetailsTextShadowColor)]</shadowcolor>
                        <textcolor>$INFO[Skin.String(ViewDetailsTextColor)]</textcolor>
                        <label>$VAR[ListDateInfoPVR]</label>
                        <scroll>true</scroll>
                    </control>
                </control>
                <control type="group">
                    <!-- Ground 2 -->
                    <height>40</height>
                    <visible>!String.IsEmpty(ListItem.Duration) + String.IsEmpty(ListItem.Timertype)</visible>
                    <control type="label">
                        <left>0</left>
                        <top>0</top>
                        <width>180</width>
                        <shadowcolor>$INFO[Skin.String(ViewDetailsTextShadowColor)]</shadowcolor>
                        <textcolor>$INFO[Skin.String(ViewDetailsTextColor)]</textcolor>
                        <label>$LOCALIZE[180]:</label>
                    </control>
                    <control type="label">
                        <left>160</left>
                        <top>0</top>
                        <width>300</width>
                        <shadowcolor>$INFO[Skin.String(ViewDetailsTextShadowColor)]</shadowcolor>
                        <textcolor>$INFO[Skin.String(ViewDetailsTextColor)]</textcolor>
                        <label>$VAR[ListItemDuration]</label>
                    </control>
                </control>
                <control type="group">
                    <!-- Ground 3 -->
                    <height>40</height>
                    <visible>!String.IsEmpty(ListItem.ChannelName) | !String.IsEmpty(Window(Home).property(SkinHelper.ListItem.ChannelName))</visible>
                    <control type="label">
                        <left>0</left>
                        <top>0</top>
                        <width>180</width>
                        <shadowcolor>$INFO[Skin.String(ViewDetailsTextShadowColor)]</shadowcolor>
                        <textcolor>$INFO[Skin.String(ViewDetailsTextColor)]</textcolor>
                        <label>$LOCALIZE[19148]:</label>
                    </control>
                    <control type="label">
                        <left>160</left>
                        <top>0</top>
                        <width>300</width>
                        <shadowcolor>$INFO[Skin.String(ViewDetailsTextShadowColor)]</shadowcolor>
                        <textcolor>$INFO[Skin.String(ViewDetailsTextColor)]</textcolor>
                        <label>$VAR[PVRChannelName]</label>
                    </control>
                </control>
                <control type="group">
                    <!-- Timertype -->
                    <height>40</height>
                    <visible>!String.IsEmpty(ListItem.Timertype)</visible>
                    <control type="label">
                        <left>0</left>
                        <top>0</top>
                        <width>180</width>
                        <shadowcolor>$INFO[Skin.String(ViewDetailsTextShadowColor)]</shadowcolor>
                        <textcolor>$INFO[Skin.String(ViewDetailsTextColor)]</textcolor>
                        <label>$LOCALIZE[467]:</label>
                    </control>
                    <control type="label">
                        <left>160</left>
                        <top>0</top>
                        <width>500</width>
                        <shadowcolor>$INFO[Skin.String(ViewDetailsTextShadowColor)]</shadowcolor>
                        <textcolor>$INFO[Skin.String(ViewDetailsTextColor)]</textcolor>
                        <label>$INFO[ListItem.Timertype]</label>
                    </control>
                </control>
            </control>
            <control type="textbox">
                <!--Info Plot-->
                <left>1150</left>
                <top>190</top>
                <width>650</width>
                <height>198</height>
                <shadowcolor>$INFO[Skin.String(ViewDetailsTextShadowColor)]</shadowcolor>
                <textcolor>$INFO[Skin.String(ViewDetailsTextColor)]</textcolor>
                <label fallback="195">$VAR[Plots]</label>
            </control>
            <control type="group">
                <!--Top Bar-->
                <left>70</left>
                <top>413</top>
                <control type="label">
                    <!--Channel Name-->
                    <left>155</left>
                    <top>30</top>
                    <width>300</width>
                    <height>30</height>
                    <font>Reg30</font>
                    <textoffsetx>0</textoffsetx>
                    <textcolor>$INFO[Skin.String(GeneralTextColor)]</textcolor>
                    <label>$LOCALIZE[19148]</label>
                </control>
                <control type="label">
                    <!--Channle Title-->
                    <left>425</left>
                    <top>30</top>
                    <width>300</width>
                    <height>30</height>
                    <font>Reg30</font>
                    <textoffsetx>0</textoffsetx>
                    <textcolor>$INFO[Skin.String(GeneralTextColor)]</textcolor>
                    <label>$LOCALIZE[369]</label>
                </control>
                <control type="label">
                    <!--Time-->
                    <left>1200</left>
                    <top>30</top>
                    <width>100</width>
                    <height>30</height>
                    <font>Reg30</font>
                    <textoffsetx>0</textoffsetx>
                    <textcolor>$INFO[Skin.String(GeneralTextColor)]</textcolor>
                    <label>$LOCALIZE[555]</label>
                </control>

            </control>
            <control type="list" id="109">
                <!--List ID=14-->
				<viewtype label="31567">list</viewtype>
                <visible>[Window.IsActive(tvchannels) | Window.IsActive(tvtimers) | Window.IsActive(tvsearch) | Window.IsActive(tvrecordings)]</visible>
                <visible>String.IsEqual(Window(Home).Property(SkinHelper.ForcedView),109) | String.IsEmpty(Window(Home).Property(SkinHelper.ForcedView))</visible>
                <left>70</left>
                <top>510</top>
                <width>1780</width>
                <height>400</height>
                <onup>109</onup>
                <ondown>109</ondown>
                <onleft>9000</onleft>
                <onright condition="Skin.HasSetting(EnableQuickJump)">6000</onright>
                <onright condition="!Skin.HasSetting(EnableQuickJump)">60</onright>
                <pagecontrol>60</pagecontrol>
                <scrolltime>200</scrolltime>
                <itemlayout height="80"  width="1780">
                     <control type="label">
                        <!--Channel Number-->
                        <left>20</left>
                        <top>0</top>
                        <width>120</width>
                        <height>80</height>
                        <font>Reg28</font>
                        <textcolor>$INFO[Skin.String(ViewDetailsListItemTextColor)]</textcolor>
                        <label>$INFO[ListItem.ChannelNumberLabel]</label>
                    </control>
                    <control type="image">
                        <left>155</left>
                        <top>5</top>
                        <width>60</width>
                        <height>60</height>
                        <texture>common/folder.png</texture>
                        <colordiffuse>$INFO[Skin.String(ViewDetailsListItemTextColor)]</colordiffuse>
                        <visible>ListItem.IsFolder</visible>
                    </control>
                    <control type="label">
                        <!--Channel Name-->
                        <description>Channel Value</description>
                        <left>155</left>
                        <top>0</top>
                        <width>250</width>
                        <height>80</height>
                        <font>Reg28</font>
                        <textcolor>$INFO[Skin.String(ViewDetailsListItemTextColor)]</textcolor>
                        <label>$INFO[ListItem.ChannelName]</label>
                        <visible>!ListItem.IsFolder</visible>
                    </control>
                    <control type="label">
                        <!--Channel Show-->
                        <left>425</left>
                        <top>0</top>
                        <width>755</width>
                        <height>80</height>
                        <font>Reg28</font>
                        <textcolor>$INFO[Skin.String(ViewDetailsListItemTextColor)]</textcolor>
                        <label>$VAR[ListTitlePVR]</label>
                    </control>
                    <control type="label">
                        <!--Date-->
                        <left>1200</left>
                        <top>0</top>
                        <width>500</width>
                        <height>80</height>
                        <font>Reg28</font>
                        <textcolor>$INFO[Skin.String(ViewDetailsListItemTextColor)]</textcolor>
                        <label>$VAR[ListDatePVR]</label>
                    </control>
                    <control type="image">
                        <!--Separator-->
                        <left>0</left>
                        <top>80</top>
                        <width>100%</width>
                        <height>20</height>
                        <fadetime>400</fadetime>
                        <colordiffuse>list_separator</colordiffuse>
                        <texture>common/separator.png</texture>
                    </control>
                    <control type="group">
                        <!--Watched Overlay-->
						<right>0</right>
                        <top>0</top>
                        <include>WatchedIndicatorNormal</include>
                    </control>
                </itemlayout>
                <focusedlayout height="80" width="1780">
                    <control type="image">
                        <!--Slide-->
                        <left>0</left>
                        <top>0</top>
                        <width>100%</width>
                        <height>80</height>
                        <texture diffuse="diffuse/panel.png" border="5" colordiffuse="$VAR[ViewDetailsFocusColor]">diffuse/panel.png</texture>
                    </control>
                    <control type="label">
                        <!--Channel Number-->
                        <left>20</left>
                        <top>0</top>
                        <width>120</width>
                        <height>80</height>
                        <font>Reg28</font>
                        <textcolor>$INFO[Skin.String(ViewDetailsListItemTextFocusColor)]</textcolor>
                        <label>$INFO[ListItem.ChannelNumberLabel]</label>
                    </control>
                    <control type="image">
                        <left>155</left>
                        <top>5</top>
                        <width>60</width>
                        <height>60</height>
                        <texture>common/folder.png</texture>
                        <colordiffuse>$INFO[Skin.String(ViewDetailsListItemTextFocusColor)]</colordiffuse>
                        <visible>ListItem.IsFolder</visible>
                    </control>

                    <control type="label">
                        <!--Channel Name-->
                        <left>155</left>
                        <top>0</top>
                        <width>250</width>
                        <height>80</height>
                        <font>Reg28</font>
                        <textcolor>$INFO[Skin.String(ViewDetailsListItemTextFocusColor)]</textcolor>
                        <label>$INFO[ListItem.ChannelName]</label>
                        <visible>!ListItem.IsFolder</visible>
                    </control>
                    <control type="label">
                        <!--Channel Show-->
                        <left>425</left>
                        <top>0</top>
                        <width>755</width>
                        <height>80</height>
                        <font>Reg28</font>
                        <textcolor>$INFO[Skin.String(ViewDetailsListItemTextFocusColor)]</textcolor>
                        <label>$VAR[ListTitlePVR]</label>
                    </control>
                    <control type="label">
                        <!--Date-->
                        <left>1200</left>
                        <top>0</top>
                        <width>500</width>
                        <height>80</height>
                        <font>Reg28</font>
                        <textcolor>$INFO[Skin.String(ViewDetailsListItemTextFocusColor)]</textcolor>
                        <label>$VAR[ListDatePVR]</label>
                    </control>
                    <control type="image">
                        <!--Separator-->
                        <left>0</left>
                        <top>80</top>
                        <width>100%</width>
                        <height>20</height>
                        <fadetime>400</fadetime>
                        <colordiffuse>list_separator</colordiffuse>
                        <texture>common/separator.png</texture>
                    </control>
                    <control type="group">
                        <!--Watched Overlay-->
						<right>0</right>
                        <top>0</top>
                        <include>WatchedIndicatorNormal</include>
                    </control>
                </focusedlayout>

            </control>
            <!--vertical Scollbar-->
            <control type="scrollbar" id="60">
                <visible>Control.IsVisible(109) + Integer.IsGreater(Container.NumItems,0)</visible>
  				<left></left>
				<right>15</right>
                <top>540</top>
                <height>400</height>
                <onup>60</onup>
                <ondown>6000</ondown>
                <onleft>109</onleft>
                <animation effect="fade" start="0" end="100" time="400" condition="[Control.HasFocus(60) | Skin.HasSetting(EnableTouchSupport) | Container.Scrolling | Skin.HasSetting(alwaysShowScrollbars)] + !Control.IsVisible(6002)">Conditional</animation>
                <animation effect="fade" start="100" end="0" time="400" condition="![Control.HasFocus(60) | Skin.HasSetting(EnableTouchSupport) | Container.Scrolling | Skin.HasSetting(alwaysShowScrollbars)] | Control.IsVisible(6002)">Conditional</animation>
            </control>
        </control>
      </include>
</includes>
