<?xml version="1.0" encoding="utf-8"?>
<!--Titan-->
<includes>
	<include name="View_504_BigList2">
	
		<control type="group">
			<defaultcontrol always="true">504</defaultcontrol>
			<visible>Control.IsVisible(504)</visible>
			<include>animation_view_change</include>
            <!-- Background Panel-->
			<control type="image">
				<left>50</left>
				<top></top>
                <bottom>13%</bottom>
				<width>810</width>
                <height>736</height>
				<texture border="15">diffuse/bgpanel.png</texture>
				<colordiffuse>$VAR[ViewDetailsPanelColor]</colordiffuse>
				<visible>!Skin.HasSetting(View504_HidePanel)</visible>
                <visible>Integer.IsGreater(Container.NumItems,0)</visible>
                <animation effect="slide" end="505" time="0" condition="!Skin.HasSetting(View504_ShowInfoRight)">Conditional</animation>
			</control>
		
			<control type="panel" id="504">
				<animation effect="slide" end="505" time="0" condition="!Skin.HasSetting(View504_ShowInfoRight)">Conditional</animation>
				<bottom>13%</bottom>
                <height>724</height>	
				<left>60</left>
				<width>800</width>
				<onup>504</onup>
				<ondown>504</ondown>
				<onleft>9000</onleft>
				<onright condition="Skin.HasSetting(EnableQuickJump)">6000</onright>
                <onright condition="!Skin.HasSetting(EnableQuickJump)">60</onright>
				<viewtype label="31643">list</viewtype>
				<orientation>vertical</orientation>
				<pagecontrol>60</pagecontrol>
				<scrolltime tween="cubic" easing="out">600</scrolltime>
				<preloaditems>2</preloaditems>
				<visible>String.IsEqual(Window(Home).Property(SkinHelper.ForcedView),504) | String.IsEmpty(Window(Home).Property(SkinHelper.ForcedView))</visible>

				<itemlayout width="800" height="103" condition="!Skin.HasSetting(View504_UseSlimList)">		
                    <control type="group">
                        <left>0</left>
                        <width>790</width>
                        <include>BiglistLayout</include>
                    </control>
				</itemlayout>
				<focusedlayout width="800" height="103" condition="!Skin.HasSetting(View504_UseSlimList)">
                    <control type="group">
                        <left>0</left>
                        <width>790</width>
                        <include>BigListFocusLayout</include>
                        <include>AutoTrailerButton</include>
                    </control>
				</focusedlayout>

				<itemlayout width="800" height="60" condition="Skin.HasSetting(View504_UseSlimList)">		
                    <control type="group">
                        <left>0</left>
                        <width>790</width>
                        <include>Biglist2SlimLayout</include>
                    </control>
				</itemlayout>
				<focusedlayout width="800" height="60" condition="Skin.HasSetting(View504_UseSlimList)">
                    <control type="group">
                        <left>0</left>
                        <width>790</width>
                        <include>BigList2SlimLayoutFocus</include>
                        <include>AutoTrailerButton</include>
                    </control>
				</focusedlayout>
			</control>
            <control type="group">
                <!-- info panel -->
                <include>MovieDetailsLeft_Small</include>
                <animation effect="slide" end="815" time="0" condition="Skin.HasSetting(View504_ShowInfoRight) + Skin.HasSetting(View504_SwapPoster)">Conditional</animation>
                <animation effect="slide" end="1320" time="0" condition="Skin.HasSetting(View504_ShowInfoRight) + !Skin.HasSetting(View504_SwapPoster)">Conditional</animation>
            </control>
            
            <!--large poster-->
			<control type="group">
                <animation effect="slide" end="-505" time="0" condition="Skin.HasSetting(View504_ShowInfoRight) + !Skin.HasSetting(View504_SwapPoster)">Conditional</animation>
                <visible>Integer.IsGreater(Container.NumItems,0)</visible>
                <right>50</right>
                <bottom>13%</bottom>
                <height>736</height>
                <width>500</width>
                <control type="image">
                    <include>PosterThumbBG</include>
                  </control>
                <control type="image">
					<!--cdart image-->
                    <width>500</width>
                    <height>500</height>
                    <top>118</top>
                    <bordersize>8</bordersize>
					<texture background="true" diffuse="diffuse/cdmask_new.png">$VAR[DiscArtImage]</texture>
					<aspectratio scalediffuse="false" align="center" aligny="center">scale</aspectratio>
					<animation effect="slide" start="0,0" end="-200,0" tween="cubic" easing="inout" time="1200" delay="600" condition="Skin.HasSetting(View504_ShowCDart)">Conditional</animation>
					<animation effect="fade" start="0" end="100" delay="600" time="800" pulse="false" condition="Skin.HasSetting(View504_ShowCDart)">Conditional</animation>
					<animation effect="rotate" end="-360" center="auto" time="20000" loop="true" reversible="false" condition="Skin.HasSetting(AnimateDiscArt)">Conditional</animation>
					<visible>Skin.HasSetting(View504_ShowCDart) + [!String.IsEmpty(ListItem.Art(poster)) | !String.IsEmpty(Window(Home).Property(SkinHelper.ListItem.Art.Poster))]</visible>
                    <visible>![ListItem.IsCollection + Skin.HasSetting(EmbyCovertArtEnabled)]</visible>
                    <visible>Window.IsActive(Videos)</visible>
				</control>
                <control type="image">
					<!--cdart image music-->
                    <width>500</width>
                    <height>500</height>
					<top></top>
                    <bottom>0</bottom>
                    <bordersize>8</bordersize>
					<texture background="true" diffuse="diffuse/cdmask_new.png">$VAR[DiscArtImage]</texture>
					<aspectratio scalediffuse="false" align="center" aligny="center">scale</aspectratio>
					<animation effect="slide" start="0,0" end="0,-200" tween="cubic" easing="inout" time="1200" delay="600" condition="Skin.HasSetting(View504_ShowCDart)">Conditional</animation>
					<animation effect="fade" start="0" end="100" delay="600" time="800" pulse="false" condition="Skin.HasSetting(View504_ShowCDart)">Conditional</animation>
					<animation effect="rotate" end="-360" center="auto" time="20000" loop="true" reversible="false" condition="Skin.HasSetting(AnimateDiscArt)">Conditional</animation>
					<visible>Skin.HasSetting(View504_ShowCDart) + [!String.IsEmpty(ListItem.Art(thumb)) + !String.StartsWith(ListItem.Art(thumb),Default)]</visible>
                    <visible>[Window.IsActive(Music) + !String.IsEmpty(ListItem.Album) + !String.IsEmpty(ListItem.Art(thumb))]</visible>
				</control>
                <control type="image">
					<aspectratio align="center" aligny="center" scalediffuse="true">stretch</aspectratio>
					<texture background="true" diffuse="diffuse/poster.png" fallback="DefaultVideo.png">$VAR[PosterThumb]</texture>
					<bordersize>8</bordersize>
                    <visible>[!String.IsEmpty(ListItem.Art(poster)) | !String.IsEmpty(ListItem.Art(tvshow.poster))]</visible>
                    <visible>![ListItem.IsCollection + Skin.HasSetting(EmbyCovertArtEnabled)]</visible>
				</control>
                <control type="image">
					<aspectratio align="center" aligny="center" scalediffuse="true">keep</aspectratio>
					<texture background="true" diffuse="diffuse/poster.png" fallback="DefaultVideo.png">$VAR[PosterThumb]</texture>
					<bordersize>8</bordersize>
                    <visible>[ListItem.IsCollection + Skin.HasSetting(EmbyCovertArtEnabled)]</visible>
				</control>
                <control type="image">
					<aspectratio align="center" aligny="bottom" scalediffuse="true">keep</aspectratio>
					<texture background="true" diffuse="diffuse/poster.png" fallback="DefaultVideo.png">$VAR[PosterThumb]</texture>
					<bordersize>8</bordersize>
                    <visible>![ListItem.IsCollection + Skin.HasSetting(EmbyCovertArtEnabled)]</visible>
                    <visible>String.IsEmpty(ListItem.Art(poster)) + String.IsEmpty(ListItem.Art(tvshow.poster))</visible>
				</control>
                <control type="group">
                <right>8</right>
                <top>8</top>
                <include>WatchedIndicatorLarge</include>
                <visible>[!String.IsEmpty(ListItem.Art(poster)) | !String.IsEmpty(ListItem.Art(tvshow.poster))]</visible>
                <visible>![ListItem.IsCollection + Skin.HasSetting(EmbyCovertArtEnabled)]</visible>
                </control>
			</control>
     			<!--vertical Scollbar-->
			<control type="scrollbar" id="60">
				<visible>Control.IsVisible(504) + Integer.IsGreater(Container.NumItems,0)</visible>
				<left></left>
				<top></top>
				<right>15</right>
				<bottom>13%</bottom>
				<height>726</height>
				<onup>60</onup>
				<ondown>6000</ondown>
				<onleft>504</onleft>
				<animation effect="fade" start="0" end="100" time="400" condition="[Control.HasFocus(60) | Skin.HasSetting(EnableTouchSupport) | Container.Scrolling | Skin.HasSetting(alwaysShowScrollbars)] + !Control.IsVisible(6002)">Conditional</animation>
				<animation effect="fade" start="100" end="0" time="400" condition="![Control.HasFocus(60) | Skin.HasSetting(EnableTouchSupport) | Container.Scrolling | Skin.HasSetting(alwaysShowScrollbars)] | Control.IsVisible(6002)">Conditional</animation>
			</control>
    

		</control>
		
	</include>
    <include name="Biglist2SlimLayout">

		<!--Title-->
		<control type="label">
			<left>10</left>
			<align>left</align>
			<width>80%</width>
			<label>[B]$INFO[ListItem.Label][/B]</label>
			<textcolor>$INFO[Skin.String(ViewDetailsListItemTextColor)]</textcolor>
			<font>Light30</font>
		</control>		
		
		<control type="group">
			<!--Watched Overlay-->
			<visible>![Skin.HasSetting(View51_ShowCDart) + ![VideoPlayer.Content(livetv) + Skin.HasSetting(PVRShowPreview) + [Window.IsActive(tvchannels) | Window.IsActive(tvguide) | Window.IsActive(tvtimers) | Window.IsActive(tvsearch) | Window.IsActive(tvrecordings)]]]</visible>
			<include>WatchedIndicatorSmall</include>
		</control>
		
		<control type="image">
			<bottom>0</bottom>
			<top>0</top>
			<height>1</height>
			<texture>diffuse/panel.png</texture>
			<colordiffuse>grey</colordiffuse>
		</control>
	</include>

    <include name="BigList2SlimLayoutFocus">
		<control type="image">
			<left>0</left>
			<top>0</top>
			<texture border="5">diffuse/panel.png</texture>
			<colordiffuse>$VAR[ViewDetailsFocusColor]</colordiffuse>
			
		</control>
		<!--Title-->
		<control type="label">
			<left>10</left>
			<align>left</align>
			<width>65%</width>
			<label>[B]$INFO[ListItem.Label][/B]</label>
			<textcolor>$INFO[Skin.String(ViewDetailsListItemTextFocusColor)]</textcolor>
			<font>Light30</font>
			<scroll>true</scroll>
		</control>

		
		<control type="group">
			<!--Watched Overlay-->
			<visible>![Skin.HasSetting(View51_ShowCDart) + ![VideoPlayer.Content(livetv) + Skin.HasSetting(PVRShowPreview) + [Window.IsActive(tvchannels) | Window.IsActive(tvguide) | Window.IsActive(tvtimers) | Window.IsActive(tvsearch) | Window.IsActive(tvrecordings)]]]</visible>
			<include>WatchedIndicatorSmall</include>
		</control>
		
		<control type="image">
			<bottom>0</bottom>
			<top>0</top>
			<height>1</height>
			<texture>diffuse/panel.png</texture>
			<colordiffuse>grey</colordiffuse>
			
		</control>
	</include>
	
</includes>