<?xml version="1.0" encoding="UTF-8" standalone="yes"?>
<addon id="script.extendedinfo" name="ExtendedInfo Script" version="6.0.7.1" provider-name="scott967">
	<requires>
		<import addon="xbmc.python" version="3.0.0"/>
		<import addon="resource.images.studios.white" version="0.0.25"/>
		<import addon="script.module.routing" version="0.2.3+matrix.1"/>
        <import addon="script.module.pil" version="5.1.0"/>
		<import addon="plugin.program.autocompletion" version="2.1.2"/>
        <import addon="script.module.autocompletion" version="2.0.3"/>
        <import addon="script.module.requests" version="2.25.1+matrix.1"/>
	</requires>
	<extension point="xbmc.python.script" library="default.py">
		<provides>executable</provides>
	</extension>
	<extension point="xbmc.python.pluginsource" library="plugin.py">
		<provides>video</provides>
	</extension>
	<extension point="xbmc.addon.metadata">
		<language/>
		<summary lang="en_GB">ExtendedInfo Script</summary>
		<description lang="en_GB">This script offers various possibilities to display online content inside skins as well as a complete MovieDB browser including info dialogs for various media types. Used services are themoviedb.org, theaudiodb.org, Trakt.TV, omdbapi.com and a lot more. Needs skin implementation for lot of functions.</description>
		<platform>all</platform>
		<license>GNU GENERAL PUBLIC LICENSE Version 2, June 1991</license>
		<forum>http://forum.kodi.tv/showthread.php?tid=160558</forum>
		<source>https://github.com/scott967/script.extendedinfo</source>
		<email>scott967@kodi.tv</email>
		<news>Python 3 fixes and Omega/Nexus/Matrix updates by scott967.  Original addon for Leia and prior by phil65 (Philipp Temminghoff).</news>
		<assets>
			<icon>resources/icon.png</icon>
			<fanart>resources/fanart.jpg</fanart>
			<screenshot>resources/screenshot-01.jpg</screenshot>
			<screenshot>resources/screenshot-02.jpg</screenshot>
			<screenshot>resources/screenshot-03.jpg</screenshot>
			<screenshot>resources/screenshot-04.jpg</screenshot>
			<screenshot>resources/screenshot-05.jpg</screenshot>
		</assets>
	</extension>
</addon>
